xlam_id,eval_idx,signale_par,modeles,a_verifier,verdict_humain,commentaire,query,gold,tools,raison_lora-1.7b,raison_qlora-1.7b,derivable_lora-1.7b,derivable_qlora-1.7b
21981,17,2,"lora-1.7b,qlora-1.7b",echantillon,non_derivable,"[placeholder] player_id ""SERENA_WILLIAMS_ID"" : gabarit non remplacé ; ID WTA numérique requis","What were the player stats for Serena Williams in 2021? Also, provide the match statistics for the NBA Finals game with ID 'NBA20220615'.","[{""name"": ""player_stats_by_id_and_year"", ""arguments"": {""player_id"": ""SERENA_WILLIAMS_ID"", ""year"": ""2021""}}, {""name"": ""basketball_match_statistics"", ""arguments"": {""match_id"": ""NBA20220615""}}]","[{""name"": ""player_stats_by_id_and_year"", ""description"": ""Retrieves official updated statistics for a given WTA (Women's Tennis Association) player for a specified year. The data is fetched from the Ultimate Tennis API."", ""parameters"": {""player_id"": {""description"": ""The unique identifier for the WTA player. The ID can be retrieved from the Official WTA Players Rankings endpoint."", ""type"": ""str"", ""default"": ""326408""}, ""year"": {""description"": ""The year for which to retrieve the player's statistics (e.g., 2022, 2021)."", ""type"": ""str"", ""default"": ""2022""}}}, {""name"": ""basketball_match_statistics"", ""description"": ""Fetches statistics for a given basketball match using the RapidAPI sports live scores service."", ""parameters"": {""match_id"": {""description"": ""The identifier for the basketball match. Match IDs can be retrieved from the Basketball Live Matches endpoint."", ""type"": ""str"", ""default"": ""10314704""}}}, {""name"": ""ufc_fight_night_vettori_vs_cannonier_june_17_2023"", ""description"": ""Accesses information about the UFC Fight Night: Vettori vs. Cannonier held on June 17, 2023, including details like win-loss record, height, weight, reach, and age of the fighters. The function retrieves this data from the MMA Stats API."", ""parameters"": {""offset"": {""description"": ""The starting point for the range of data to fetch. Defaults to None."", ""type"": ""int, optional"", ""default"": """"}, ""limit"": {""description"": ""The maximum number of records to fetch. Defaults to None."", ""type"": ""int, optional"", ""default"": """"}}}]","The reference uses 'SERENA_WILLIAMS_ID' which is not derivable from the request, and the prediction uses 'SerenaWilliams2021' which is not a valid player ID format per the tool description.","The reference uses 'SERENA_WILLIAMS_ID' which is not provided in the request and cannot be derived, while the prediction uses 'Serena_Williams' which is not a valid ID format per the tool description.",no,no
12246,93,2,"lora-1.7b,qlora-1.7b",echantillon,derivable,,Retrieve details about Emirates Airlines using its ICAO code.,"[{""name"": ""v1_airlines"", ""arguments"": {""icao"": ""UAE""}}]","[{""name"": ""get_directions"", ""description"": ""Fetch driving directions from an origin to a destination."", ""parameters"": {""origin"": {""description"": ""The starting point specified as a free-text location query or latitude, longitude pair."", ""type"": ""str"", ""default"": ""Church St & 29th St, San-Francisco, CA, USA""}, ""destination"": {""description"": ""The destination specified as a free-text location query or latitude, longitude pair."", ""type"": ""str"", ""default"": ""Sunnyvale, CA, USA""}, ""avoid_routes"": {""description"": ""Route types to avoid, specified as a comma-delimited list (e.g., 'tolls,ferries')."", ""type"": ""str, optional"", ""default"": ""tolls,ferries""}, ""country"": {""description"": ""The country or region to use for the query, specified as a 2-letter country code."", ""type"": ""str, optional"", ""default"": ""us""}, ""arrival_time"": {""description"": ""Arrival time specified as a Unix-Timestamp in destination local time"", ""type"": ""int, optional"", ""default"": """"}, ""language"": {""description"": ""The language to use for the query, specified as a 2-letter language code."", ""type"": ""str, optional"", ""default"": ""en""}, ""departure_time"": {""description"": ""Departure time specified as a Unix-Timestamp in origin local time"", ""type"": ""int, optional"", ""default"": """"}, ""distance_units"": {""description"": ""The distance units in the response ('auto', 'km', 'mi'). Default is `None`, which"", ""type"": ""str, optional"", ""default"": """"}}}, {""name"": ""v1_airlines"", ""description"": ""Fetches airline information using the API Ninjas Airlines API given certain parameters."", ""parameters"": {""iata"": {""description"": ""International Air Transport Association (IATA) 2-character airline code. Defaults to None."", ""type"": ""str, optional"", ""default"": """"}, ""name"": {""description"": ""Airline name. Supports partial matching (e.g., 'United' will match 'United Airlines'). Defaults to 'Singapore Airlines'."", ""type"": ""str, optional"", ""default"": ""Singapore Airlines""}, ""icao"": {""description"": ""International Civil Aviation Organization (ICAO) 3-character airline code. Defaults to None."", ""type"": ""str, optional"", ""default"": """"}}}]","The prediction uses 'EK' as the ICAO code, which is incorrect; the reference uses 'UAE', but the request does not specify the ICAO code, making the reference not derivable and the prediction incorrect.","The prediction uses an incorrect ICAO code 'EKI' which does not match the correct ICAO code for Emirates Airlines, and the reference uses 'UAE' which is also incorrect (Emirates' actual ICAO is 'UAE' is plausible but 'EKI' is wrong); however, the request does not specify the ICAO code, so the reference value 'UAE' cannot be derived from the request, making it not derivable.",no,no
6923,101,2,"lora-1.7b,qlora-1.7b",echantillon,non_derivable,,What's the wind speed in Nairobi today? And could you get me the weather statistics for the next month in Singapore?,"[{""name"": ""get_wind_speed"", ""arguments"": {""city"": ""Nairobi""}}, {""name"": ""weather_statistics"", ""arguments"": {""lon"": ""103.819836"", ""lat"": ""1.352083""}}]","[{""name"": ""get_wind_speed"", ""description"": ""Fetches the current wind speed for a specified city using the Toolbench RapidAPI service."", ""parameters"": {""city"": {""description"": ""The name of the city for which to retrieve wind speed information."", ""type"": ""str"", ""default"": ""New York""}}}, {""name"": ""weather_statistics"", ""description"": ""Fetches the average weather statistics for a specified location for the next 30 days."", ""parameters"": {""units"": {""description"": ""Unit system to be used. Available values are:"", ""type"": ""str"", ""default"": ""auto""}, ""place_id"": {""description"": ""Identifier of a place. If not provided, the location can be specified using `lat` and `lon`."", ""type"": ""str, optional"", ""default"": """"}, ""lon"": {""description"": ""Longitude in the format 12E, 12.3E, 12.3, or 13W, 13.2W, -13.4. Defaults to '-122.42282'."", ""type"": ""str, optional"", ""default"": ""-122.42282""}, ""lat"": {""description"": ""Latitude in the format 12N, 12.3N, 12.3, or 13S, 13.2S, -13.4. Defaults to '37.81021'."", ""type"": ""str, optional"", ""default"": ""37.81021""}}}, {""name"": ""search_api"", ""description"": ""Searches for location information using the World Weather Online API."", ""parameters"": {""q"": {""description"": ""The query value for the location search."", ""type"": ""str"", ""default"": ""london""}, ""format"": {""description"": ""The format of the response. Defaults to None."", ""type"": ""str, optional"", ""default"": """"}}}]","The reference provides specific coordinates for Singapore that are not mentioned in the request, making it not derivable; the prediction uses different coordinates and includes extra arguments not justified by the request.","The reference uses coordinates for Singapore that are not mentioned in the request and cannot be derived from it, making the reference not fully derivable; the prediction uses 'place_id': 'Singapore' which is not a valid ID and differs from the reference's approach.",no,no
52604,110,2,"lora-1.7b,qlora-1.7b",echantillon,non_derivable,,Search for pageant contests with the keyword 'Miss' and find contests that took place in the year 2020.,"[{""name"": ""search"", ""arguments"": {""search"": ""Miss""}}, {""name"": ""search"", ""arguments"": {""search"": ""2020""}}]","[{""name"": ""business_phone_search"", ""description"": ""Search for relevant businesses in the Data Axle database based on the given parameters."", ""parameters"": {""limit"": {""description"": ""The maximum number of results to return."", ""type"": ""str"", ""default"": ""20""}, ""query"": {""description"": ""The search query for finding businesses."", ""type"": ""str"", ""default"": ""4162287300""}, ""packages"": {""description"": ""The specific data packages to include in the search."", ""type"": ""str"", ""default"": ""standard_v1""}}}, {""name"": ""search"", ""description"": ""This function searches for pageant contest details by a given keyword using the PageantDB API."", ""parameters"": {""search"": {""description"": ""The search keyword for querying pageant contests."", ""type"": ""str"", ""default"": ""1987""}}}, {""name"": ""veiculo_tipo"", ""description"": ""Fetches vehicle brands for the specified type of vehicle from the Veiculos API."", ""parameters"": {""veiculo_tipo"": {""description"": ""The type of vehicle for which to fetch brands. Possible values are \""carros\"", \""motos\"", and \""caminhoes\""."", ""type"": ""str"", ""default"": ""carros""}}}]",The second call uses business_phone_search parameters instead of the search tool for year 2020.,"The reference answer uses '2020' as a standalone search keyword, which cannot retrieve contests specifically from the year 2020 as 'Miss' and '2020' are unrelated keywords; the prediction includes a 'year' parameter not present in the tool definition, making it invalid.",no,no
7335,118,2,"lora-1.7b,qlora-1.7b",echantillon,non_derivable,,Generate a playlist based on the song 'Imagine' by John Lennon.,"[{""name"": ""get_radio_playlist"", ""arguments"": {""uri"": ""spotify:track:1lHC7Vw1AWsN53oX5w6lgy""}}]","[{""name"": ""catalog_albums"", ""description"": ""Fetch catalog album data from the Billboard API for a specified week."", ""parameters"": {""week"": {""description"": ""The week for which to fetch the catalog albums chart in the format 'YYYY-MM-DD'. Defaults to '2022-10-08'."", ""type"": ""str"", ""default"": ""2022-10-08""}}}, {""name"": ""get_radio_playlist"", ""description"": ""Fetches a radio playlist for a given artist or song using the Spotify API."", ""parameters"": {""uri"": {""description"": ""The URI of the artist or song for which to generate the radio playlist."", ""type"": ""str"", ""default"": ""spotify:artist:2w9zwq3AktTeYYMuhMjju8""}}}]","The reference answer uses a specific track URI for 'Imagine' by John Lennon, but the prediction uses a different, incorrect URI that does not correspond to the requested song.","The reference uses a specific track URI for 'Imagine' by John Lennon, but the prediction uses a malformed and non-specific URI that does not correspond to the song.",no,no
4565,158,2,"lora-1.7b,qlora-1.7b",echantillon,incertain,,What is the recipe for 'Jollof Rice' from the Ghana Food Recipe API?,"[{""name"": ""get_recipe_by_id"", ""arguments"": {""is_id"": ""Jollof_Rice""}}]","[{""name"": ""detailed_food_recipe_by_id"", ""description"": ""Fetch a detailed Mexican food recipe by its unique ID using the specified RapidAPI key."", ""parameters"": {""is_id"": {""description"": ""Unique identifier for the Mexican food recipe."", ""type"": ""str"", ""default"": ""4""}}}, {""name"": ""salad_ingredient"", ""description"": ""Fetches a random salad recipe that includes the specified ingredient from the API."", ""parameters"": {""ingredient"": {""description"": ""The ingredient to be included in the salad recipe search."", ""type"": ""str"", ""default"": ""cucumbers""}}}, {""name"": ""recipes_by_author"", ""description"": ""Fetches recipes by a given author profile from the Worldwide Recipes API."", ""parameters"": {""profile_name"": {""description"": ""The name of the author's profile to fetch recipes for."", ""type"": ""str"", ""default"": ""gonna-want-seconds""}, ""q"": {""description"": ""An optional query string to filter recipes."", ""type"": ""str, optional"", ""default"": """"}, ""start"": {""description"": ""The starting index for pagination (e.g., Page 1 = start: 0, Page 2 = start: 20)."", ""type"": ""int, optional"", ""default"": """"}}}, {""name"": ""get_recipe_by_id"", ""description"": ""Fetches a specific recipe by its ID from the Ghana Food Recipe API."", ""parameters"": {""is_id"": {""description"": ""The ID of the recipe to fetch."", ""type"": ""str"", ""default"": ""63c2e83b09852be5facb894a""}}}, {""name"": ""v1_cocktail"", ""description"": ""Fetches cocktail information from the API Ninjas Cocktail API based on the provided cocktail name or ingredients."", ""parameters"": {""name"": {""description"": ""The name of the cocktail to search for. This parameter supports partial matches (default is 'bloody mary')."", ""type"": ""str"", ""default"": ""bloody mary""}, ""ingredients"": {""description"": ""A comma-separated string of ingredients to search for. Only cocktails containing all listed ingredients will be returned (default is None)."", ""type"": ""str"", ""default"": """"}}}, {""name"": ""detailed_food_recipe_by_id"", ""description"": ""Fetches a detailed food recipe using the given recipe ID from The Vegan Recipes DB API."", ""parameters"": {""is_id"": {""description"": ""The ID of the food recipe to fetch."", ""type"": ""str"", ""default"": ""45""}}}]","The prediction uses the wrong tool 'v1_cocktail' which is for cocktails, not for fetching a recipe from the Ghana Food Recipe API.",The prediction uses the wrong tool and does not match the request for a recipe from the Ghana Food Recipe API by name or ID.,no,no
41117,166,2,"lora-1.7b,qlora-1.7b",echantillon,non_derivable,,Find the nearest Delhi Metro station to the given coordinates and fetch the timezone name for the same location.,"[{""name"": ""nearest_metro_station"", ""arguments"": {""long"": ""77.22634"", ""lat"": ""28.63493""}}, {""name"": ""v1_timezone"", ""arguments"": {""lon"": ""77.22634"", ""lat"": ""28.63493""}}]","[{""name"": ""nearest_metro_station"", ""description"": ""Finds the nearest Delhi Metro station to the given longitude and latitude."", ""parameters"": {""long"": {""description"": ""The longitude coordinate."", ""type"": ""str"", ""default"": ""77.2122""}, ""lat"": {""description"": ""The latitude coordinate."", ""type"": ""str"", ""default"": ""28.5729""}}}, {""name"": ""v1_timezone"", ""description"": ""Fetches the timezone name for the specified input location using the API Ninjas Timezone API."", ""parameters"": {""state"": {""description"": ""US state name or 2-letter abbreviation (for United States cities only)."", ""type"": ""str, optional"", ""default"": """"}, ""lon"": {""description"": ""Longitude of the desired location."", ""type"": ""str, optional"", ""default"": """"}, ""city"": {""description"": ""City name. Defaults to 'London'."", ""type"": ""str, optional"", ""default"": ""London""}, ""lat"": {""description"": ""Latitude of the desired location."", ""type"": ""str, optional"", ""default"": """"}, ""country"": {""description"": ""Country name or 2-letter country code."", ""type"": ""str, optional"", ""default"": """"}}}]","The reference uses coordinates not provided in the request, making it not derivable; the prediction uses default values instead of the given coordinates and specifies a city not mentioned in the request.","The reference answer uses coordinates not provided in the request, which could not be derived from the user's input.",no,no
742,167,2,"lora-1.7b,qlora-1.7b",echantillon,non_derivable,,Verify if the Sudoku board is valid.,"[{""name"": ""is_valid_sudoku"", ""arguments"": {""board"": [[5, 3, ""."", ""."", 7, ""."", ""."", ""."", "".""], [6, ""."", ""."", 1, 9, 5, ""."", ""."", "".""], [""."", 9, 8, ""."", ""."", ""."", ""."", 6, "".""], [8, ""."", ""."", ""."", 6, ""."", ""."", ""."", 3], [4, ""."", ""."", 8, ""."", 3, ""."", ""."", 1], [7, ""."", ""."", ""."", 2, ""."", ""."", ""."", 6], [""."", 6, ""."", ""."", ""."", ""."", 2, 8, "".""], [""."", ""."", ""."", 4, 1, 9, ""."", ""."", 5], [""."", ""."", ""."", ""."", 8, ""."", ""."", 7, 9]]}}]","[{""name"": ""average"", ""description"": ""Calculates the arithmetic mean of a list of numbers."", ""parameters"": {""numbers"": {""description"": ""The list of numbers."", ""type"": ""List[float]""}}}, {""name"": ""binary_addition"", ""description"": ""Adds two binary numbers and returns the result as a binary string."", ""parameters"": {""a"": {""description"": ""The first binary number."", ""type"": ""str""}, ""b"": {""description"": ""The second binary number."", ""type"": ""str""}}}, {""name"": ""is_power_of_two"", ""description"": ""Checks if a number is a power of two."", ""parameters"": {""num"": {""description"": ""The number to check."", ""type"": ""int""}}}, {""name"": ""probability_of_consecutive_rolls"", ""description"": ""Calculates the probability of rolling a specific value on a die consecutively for a given number of rolls."", ""parameters"": {""target_value"": {""description"": ""The desired value to be rolled."", ""type"": ""int"", ""default"": 6}, ""num_rolls"": {""description"": ""The number of consecutive rolls."", ""type"": ""int"", ""default"": 6}, ""num_sides"": {""description"": ""The number of sides on the die. Defaults to 6."", ""type"": ""int, optional""}}}, {""name"": ""integrate"", ""description"": ""Calculate the area under a curve for a specified function between two x values."", ""parameters"": {""function"": {""description"": ""The function to integrate, represented as a string. For example, 'x^3'"", ""type"": ""str"", ""default"": ""trapezoid""}, ""start_x"": {""description"": ""The starting x-value to integrate over."", ""type"": ""int"", ""default"": ""trapezoid""}, ""end_x"": {""description"": ""The ending x-value to integrate over."", ""type"": ""int""}, ""method"": {""description"": ""The method of numerical integration to use. Choices are 'trapezoid' or 'simpson'."", ""type"": ""str""}}}, {""name"": ""monthly_mortgage_payment"", ""description"": ""Calculates the monthly mortgage payment based on the loan amount, annual interest rate, and loan term."", ""parameters"": {""loan_amount"": {""description"": ""The total amount of the loan."", ""type"": ""float""}, ""annual_interest_rate"": {""description"": ""The annual interest rate as a decimal (e.g., 0.05 for 5%)."", ""type"": ""float""}, ""loan_term_years"": {""description"": ""The loan term in years."", ""type"": ""int""}}}, {""name"": ""find_n_largest_numbers"", ""description"": ""Finds the n largest numbers in a list."", ""parameters"": {""nums"": {""description"": ""The list of numbers."", ""type"": ""List[int]""}, ""n"": {""description"": ""The number of largest numbers to find."", ""type"": ""int""}}}, {""name"": ""is_valid_sudoku"", ""description"": ""Checks if a 9x9 Sudoku board is valid."", ""parameters"": {""board"": {""description"": ""The Sudoku board represented as a 2D list of strings."", ""type"": ""List[List[str]]""}}}]",The prediction contains malformed JSON with duplicate 'arguments' key and two board values incorrectly nested.,"The reference contains integer values like 5, 3, 7, etc., while the request provides no specific board, making those values impossible to derive from the request alone.",no,no
57312,273,2,"lora-1.7b,qlora-1.7b",echantillon,non_derivable,,"Help me find a random shopping mall near the coordinates 51.5074° N, 0.1278° W within a 1500-meter radius. Also, can you find the capital of the 'Ho' district in Ghana?","[{""name"": ""random_google"", ""arguments"": {""lat"": 515074, ""lng"": -1278, ""type"": ""shopping mall"", ""radius"": 1500}}, {""name"": ""get_district_capital_by_name"", ""arguments"": {""name"": ""Ho""}}]","[{""name"": ""random_google"", ""description"": ""Returns a random place of a specified type within a given radius around the provided latitude and longitude."", ""parameters"": {""lat"": {""description"": ""The latitude of the location around which to search for places."", ""type"": ""int"", ""default"": ""49.2803703""}, ""lng"": {""description"": ""The longitude of the location around which to search for places."", ""type"": ""int"", ""default"": ""-123.0413988""}, ""type"": {""description"": ""The type of place to search for. Default is 'cafe'."", ""type"": ""str, optional"", ""default"": ""cafe""}, ""radius"": {""description"": ""The search radius in meters. Default is 500."", ""type"": ""int, optional"", ""default"": ""500""}}}, {""name"": ""get_district_capital_by_name"", ""description"": ""Retrieves the capital of a district in Ghana given the district name."", ""parameters"": {""name"": {""description"": ""The name of the district whose capital is to be retrieved."", ""type"": ""str"", ""default"": ""accra""}}}]","The reference answer uses incorrect coordinate values (515074, -1278) that do not match the request and could not be derived from it, while the prediction correctly uses 51.5074 and -0.1278.","The reference answer uses incorrect coordinate values (515074, -1278) that do not match the request's format or scale, making it impossible to derive from the given coordinates; the prediction correctly uses 51.5074 and -0.1278.",no,no
9178,292,2,"lora-1.7b,qlora-1.7b",echantillon,non_derivable,"Une valeur n'est dérivable que si requête + doc + connaissance du monde la rendent unique. Dès qu'une transformation admet plusieurs résultats défendables (précision arbitraire, troncature vs arrondi), le gold est un choix, pas une déduction","What's the income at (-100, 20) and can you rank 'McDonald's' in Chicago at zoom 14?","[{""name"": ""world_coordinate_to_income"", ""arguments"": {""lon"": -100, ""lat"": 20}}, {""name"": ""keyword_search_with_ranking"", ""arguments"": {""query"": ""McDonald's"", ""lng"": -87, ""match_value"": ""McDonald's"", ""lat"": 41, ""zoom"": 14}}]","[{""name"": ""stars_get_image"", ""description"": ""Gets image links displaying the star rating."", ""parameters"": {""stars"": {""description"": ""The star rating, an integer between 1 and 5."", ""type"": ""int"", ""default"": ""2""}}}, {""name"": ""subtitlelist"", ""description"": ""Fetches a list of subtitles for a given YouTube video."", ""parameters"": {""videoid"": {""description"": ""The unique identifier for the YouTube video."", ""type"": ""str"", ""default"": ""JY-_GRi56KQ""}, ""locale"": {""description"": ""The locale for the subtitles. Defaults to 'EN'."", ""type"": ""str, optional"", ""default"": ""EN""}}}, {""name"": ""world_coordinate_to_income"", ""description"": ""Fetches per capita income data for a given set of geographic coordinates (longitude and latitude) using the provided API key."", ""parameters"": {""lon"": {""description"": ""Longitude of the geographic coordinate."", ""type"": ""int"", ""default"": ""0""}, ""lat"": {""description"": ""Latitude of the geographic coordinate."", ""type"": ""int"", ""default"": ""0""}}}, {""name"": ""keyword_search_with_ranking"", ""description"": ""Perform a keyword search at a specific coordinate (latitude/longitude) to find businesses and rank a specific business at that location. The ranking data can be determined by the business place ID or business name."", ""parameters"": {""query"": {""description"": ""The Google Place ID of the business or the business name to match in results. Use the `match_type` parameter to specify the choice."", ""type"": ""str"", ""default"": ""web design""}, ""lng"": {""description"": ""The longitude value of the grid center coordinate point."", ""type"": ""int"", ""default"": ""-121.938314""}, ""match_value"": {""description"": ""The keyword or search query."", ""type"": ""str"", ""default"": ""ChIJoejvAr3Mj4ARtHrbKxtAHXI""}, ""lat"": {""description"": ""The latitude value of the grid center coordinate point."", ""type"": ""int"", ""default"": ""37.341759""}, ""zoom"": {""description"": ""The Google Maps zoom level to use for the search on each grid point. Allowed values are 0-18. Default is 13."", ""type"": ""int, optional"", ""default"": ""13""}, ""match_type"": {""description"": ""The type of match to perform for ranking. Allowed values are 'place_id' or 'name'. Default is 'place_id'."", ""type"": ""str, optional"", ""default"": ""place_id""}}}]","The prediction omits the 'match_value' argument in the second call, which is redundant but present in the reference; however, the prediction still satisfies the request.","The prediction uses a longitude of -118 for Chicago, which is incorrect; Chicago is approximately at -87 longitude.",no,no
51595,372,2,"lora-1.7b,qlora-1.7b",echantillon,non_derivable,,"Get the movie details for 'Inception' and 'The Dark Knight', both directed by Christopher Nolan, and include the cast information.","[{""name"": ""movie_details"", ""arguments"": {""imdb_id"": ""tt1375666"", ""with_cast"": true}}, {""name"": ""movie_details"", ""arguments"": {""imdb_id"": ""tt0468569"", ""with_cast"": true}}]","[{""name"": ""movie_details"", ""description"": ""Returns detailed information about a specific movie from the YTS API, including optional data such as cast information and images."", ""parameters"": {""movie_id"": {""description"": ""The YTS ID of the movie. Defaults to 10."", ""type"": ""int, optional"", ""default"": ""10""}, ""imdb_id"": {""description"": ""The IMDB ID of the movie in YTS. Defaults to 10."", ""type"": ""int, optional"", ""default"": ""10""}, ""with_cast"": {""description"": ""If set to True, includes additional information about the movie's cast in the response. Defaults to None."", ""type"": ""bool, optional"", ""default"": ""false""}, ""with_images"": {""description"": ""If set to True, includes URLs of related images in the response. Defaults to None."", ""type"": ""bool, optional"", ""default"": ""false""}}}]","The reference uses IMDB IDs that are not mentioned in the request and cannot be derived from it, making the reference not fully derivable; the prediction uses incorrect movie_id and imdb_id values not specified in the request.","The reference uses IMDB IDs that are not mentioned in the request, making them not derivable; the prediction uses invalid imdb_id values that do not match the required format.",no,no
17925,471,2,"lora-1.7b,qlora-1.7b",echantillon,non_derivable,,"Could you help me find some recipes tagged with 'vegan' starting from the 10th item and limited to 5 results? Also, I'm curious about the cocktail 'mojito' and its ingredients. Lastly, could you fetch the details of the drink with ID 'DR001'?","[{""name"": ""feeds_list"", ""arguments"": {""start"": 10, ""limit"": 5, ""tag"": ""vegan""}}, {""name"": ""v1_cocktail"", ""arguments"": {""name"": ""mojito""}}, {""name"": ""drink_by_id"", ""arguments"": {}}]","[{""name"": ""feeds_list"", ""description"": ""Fetches a list of feeds from the Yummly API based on the given parameters for pagination and optional category tag."", ""parameters"": {""start"": {""description"": ""The offset of items to be skipped in the response for paging."", ""type"": ""int"", ""default"": ""0""}, ""limit"": {""description"": ""The number of items to be returned per response."", ""type"": ""int"", ""default"": ""24""}, ""tag"": {""description"": ""The value representing a specific category/tag to filter the feeds list. Defaults to None."", ""type"": ""str, optional"", ""default"": """"}}}, {""name"": ""v1_cocktail"", ""description"": ""Fetches cocktail information from the API Ninjas Cocktail API based on the provided cocktail name or ingredients."", ""parameters"": {""name"": {""description"": ""The name of the cocktail to search for. This parameter supports partial matches (default is 'bloody mary')."", ""type"": ""str"", ""default"": ""bloody mary""}, ""ingredients"": {""description"": ""A comma-separated string of ingredients to search for. Only cocktails containing all listed ingredients will be returned (default is None)."", ""type"": ""str"", ""default"": """"}}}, {""name"": ""drink_by_id"", ""description"": ""Fetches a specific drink recipe by its ID using the Ghana Food Recipe API."", ""parameters"": {""is_id"": {""description"": ""The unique identifier for the drink recipe."", ""type"": ""str"", ""default"": ""63c67c9db06a3ed9f92b2367""}}}]","The reference answer omits the required 'is_id' argument in 'drink_by_id', making it impossible to retrieve the specific drink; also uses 'name' for mojito but prediction incorrectly uses 'ingredients' with value 'mojito'","The reference answer includes an empty arguments list for drink_by_id, but the request specifies the ID 'DR001', which must be provided; the reference fails to include it.",no,no
41461,580,2,"lora-1.7b,qlora-1.7b",echantillon,non_derivable,,"Get the details of a Twitter list about entertainment and search for social media influencers related to travel, then fetch trending categories from Tokapi Mobile for the UK and get trending lenses from Snapchat.","[{""name"": ""lists_details"", ""arguments"": {""list_id"": ""67890""}}, {""name"": ""real_time_user_search"", ""arguments"": {""keyword"": ""travel""}}, {""name"": ""v1_category"", ""arguments"": {""region"": ""UK""}}, {""name"": ""gettrendinglenses"", ""arguments"": {}}]","[{""name"": ""lists_details"", ""description"": ""Fetches and returns the public information of a Twitter List based on the given list ID."", ""parameters"": {""list_id"": {""description"": ""The ID of the Twitter List whose details are to be fetched."", ""type"": ""str"", ""default"": ""1591033111726391297""}}}, {""name"": ""real_time_user_search"", ""description"": ""Perform a real-time search for social media influencers based on a given keyword."", ""parameters"": {""keyword"": {""description"": ""The search keyword. For example: 'amazon'."", ""type"": ""str"", ""default"": ""amazon""}, ""skip"": {""description"": ""The number of records to skip in the search results. Useful for paginating results."", ""type"": ""int, optional"", ""default"": """"}, ""limit"": {""description"": ""The maximum number of records to return. Default is 30, and the maximum allowed value is 30."", ""type"": ""int, optional"", ""default"": ""30""}}}, {""name"": ""v1_category"", ""description"": ""Fetches a list of trending categories from the Tokapi Mobile API using specified query parameters."", ""parameters"": {""count"": {""description"": ""Number of categories to fetch. Defaults to 10."", ""type"": ""int"", ""default"": 10}, ""offset"": {""description"": ""Offset for pagination. Defaults to 0."", ""type"": ""int"", ""default"": 0}, ""region"": {""description"": ""Region code for filtering categories. Defaults to 'US'."", ""type"": ""str"", ""default"": ""US""}}}, {""name"": ""gettrendinglenses"", ""description"": ""Fetches the trending lenses from Snapchat using the RapidAPI service."", ""parameters"": {""cursor"": {""description"": ""A cursor for pagination. Defaults to None."", ""type"": ""str, optional"", ""default"": """"}}}]","The reference uses a numeric list_id '67890' that is not mentioned in the request, making it not derivable; the prediction uses 'entertainment' which is invalid as the tool expects a numeric ID.","The reference uses a numeric list_id '67890' which is not mentioned in the request, making it not derivable; the prediction uses 'entertainment' as list_id, which is incorrect because list_id must be a numeric string, not a topic.",no,no
41871,582,2,"lora-1.7b,qlora-1.7b",echantillon,non_derivable,,"List webcams in the area of Dublin, Ireland showing only their location data.","[{""name"": ""webcams_list_bbox_ne_lat_ne_lng_sw_lat_sw_lng"", ""arguments"": {""ne_lat"": 53.48205, ""ne_lng"": -6.10818, ""sw_lat"": 53.28439, ""sw_lng"": -6.32688, ""lang"": ""en"", ""show"": ""webcams:location""}}]","[{""name"": ""webcams_list_bbox_ne_lat_ne_lng_sw_lat_sw_lng"", ""description"": ""Returns a list of webcams within the specified bounding box defined by the north-east and south-west coordinates."", ""parameters"": {""ne_lat"": {""description"": ""North-east WGS84 latitude of the bounding box."", ""type"": ""int"", ""default"": """"}, ""sw_lng"": {""description"": ""South-west WGS84 longitude of the bounding box."", ""type"": ""int"", ""default"": """"}, ""sw_lat"": {""description"": ""South-west WGS84 latitude of the bounding box."", ""type"": ""int"", ""default"": """"}, ""ne_lng"": {""description"": ""North-east WGS84 longitude of the bounding box."", ""type"": ""int"", ""default"": """"}, ""lang"": {""description"": ""Localizes the results to the specified language, if available. Default is 'en'."", ""type"": ""str, optional"", ""default"": ""en""}, ""show"": {""description"": ""Specifies the content to be listed in the response. Default is 'webcams:image,location'."", ""type"": ""str, optional"", ""default"": ""webcams:image,location""}}}]","The prediction uses incorrect coordinate values that do not plausibly bound Dublin, Ireland, and omits the required 'webcams:' prefix in the 'show' argument.","The reference answer uses specific coordinates for Dublin that are not mentioned in the request, making them not derivable; the prediction uses incorrect coordinate values that do not accurately bound Dublin.",no,no
41460,644,2,"lora-1.7b,qlora-1.7b",echantillon,non_derivable,,Search for movies similar to 'The Godfather' and fetch related videos for the 'The Dark Knight' movie,"[{""name"": ""autocomplete_search"", ""arguments"": {""search_value"": ""The Godfather"", ""search_type"": 3}}, {""name"": ""video_related_contents"", ""arguments"": {""is_id"": ""EXeTwQWrcwY""}}]","[{""name"": ""autocomplete_search"", ""description"": ""Search for titles and/or people by name or partial name, useful for building an autocomplete feature. The results include a `result_type` field indicating whether the result is a title or a person, along with an `image_url` for movie posters or headshots."", ""parameters"": {""search_value"": {""description"": ""The phrase to search for, which can be a full title or person name, or a partial phrase. For example, searching for \""The sha\"" will find the movie \""The Shawshank Redemption\""."", ""type"": ""str"", ""default"": ""Breaking Bad""}, ""search_type"": {""description"": ""Determines the type of search results. 1 includes titles and people (default), 2 includes titles only, 3 includes movies only, 4 includes TV shows only, and 5 includes people only."", ""type"": ""int, optional"", ""default"": ""1""}}}, {""name"": ""downloadoptimize"", ""description"": ""Downloads the specified OptiFine version using the provided RapidAPI key."", ""parameters"": {""optifineversion"": {""description"": ""The version of OptiFine to be downloaded."", ""type"": ""str"", ""default"": """"}}}, {""name"": ""video_related_contents"", ""description"": ""Fetches related video contents from YouTube using the RapidAPI service."", ""parameters"": {""hl"": {""description"": ""Language code for the response (default is 'en')."", ""type"": ""str"", ""default"": ""en""}, ""is_id"": {""description"": ""The YouTube video ID for which related contents are to be fetched (default is 'kJQP7kiw5Fk')."", ""type"": ""str"", ""default"": ""kJQP7kiw5Fk""}, ""gl"": {""description"": ""Country code for the response (default is 'US')."", ""type"": ""str"", ""default"": ""US""}, ""cursor"": {""description"": ""Token for pagination to retrieve the next set of results."", ""type"": ""str, optional"", ""default"": """"}}}]","The reference answer uses a YouTube video ID for 'The Dark Knight' that is not mentioned in the request, making it not derivable; the prediction incorrectly uses a movie title instead of a valid YouTube video ID for the related videos call.","The reference answer uses an unspecified YouTube video ID 'EXeTwQWrcwY' for 'The Dark Knight' that is not mentioned in the request, making it not derivable; the prediction incorrectly uses a movie title as the 'is_id' value, which must be a YouTube video ID.",no,no
41496,646,2,"lora-1.7b,qlora-1.7b",echantillon,non_derivable,,"Predict the change in forest area in the Amazon Rainforest over the next 10 years, assuming human activities are included. Also, project the population of the US in 2050, assuming an annual growth rate of 0.8%.","[{""name"": ""predict_forest_area"", ""arguments"": {""location"": ""Amazon Rainforest"", ""num_years"": 10, ""include_humans"": true}}, {""name"": ""project_population"", ""arguments"": {""current_pop"": 331002651, ""num_years"": 30, ""annual_growth"": 0.8}}]","[{""name"": ""predict_forest_area"", ""description"": ""Predicts the change in forest area over a specified number of years."", ""parameters"": {""location"": {""description"": ""The geographic location for the prediction."", ""type"": ""str""}, ""num_years"": {""description"": ""The number of years into the future to make the prediction."", ""type"": ""int""}, ""include_humans"": {""description"": ""Whether to include the impact of human activities in the prediction. Defaults to False."", ""type"": ""bool, optional""}}}, {""name"": ""project_population"", ""description"": ""Projects the population size after a specified number of years."", ""parameters"": {""current_pop"": {""description"": ""The current population size."", ""type"": ""int"", ""default"": 1.2}, ""num_years"": {""description"": ""The number of years into the future to make the projection."", ""type"": ""int"", ""default"": 1.2}, ""annual_growth"": {""description"": ""The annual population growth rate as a percentage. Defaults to 1.2."", ""type"": ""float, optional""}}}]","The prediction uses an incorrect current population value (300) that contradicts the request's implied need for accurate data, while the reference uses a plausible current US population figure not provided in the request.","The prediction uses incorrect values for current_pop and num_years in project_population, differing from both the request and reference.",no,no
31453,670,2,"lora-1.7b,qlora-1.7b",echantillon,non_derivable,,Fetch the first 15 media posts from user ID 13579111315 and then the next 15 posts.,"[{""name"": ""get_user_media_by_user_id"", ""arguments"": {""count"": 15, ""is_id"": 13579111315}}, {""name"": ""get_user_media_by_user_id"", ""arguments"": {""count"": 15, ""is_id"": 13579111315, ""end_cursor"": ""next_cursor_value""}}]","[{""name"": ""get_user_media_by_user_id"", ""description"": ""Fetches Instagram user media based on the provided user ID using the specified RapidAPI key."", ""parameters"": {""count"": {""description"": ""The number of media posts to retrieve."", ""type"": ""int"", ""default"": ""12""}, ""is_id"": {""description"": ""The Instagram user ID for which to fetch media."", ""type"": ""int"", ""default"": ""18527""}, ""end_cursor"": {""description"": ""The cursor for pagination to fetch the next set of media posts. Defaults to None."", ""type"": ""str, optional"", ""default"": """"}}}]",The reference answer includes 'next_cursor_value' which is not present in the request and cannot be derived from it.,"The reference answer includes an 'end_cursor' value that is not present in the request and cannot be derived from it, making the reference not fully derivable; the prediction omits the 'end_cursor' in the second call, which is required for correct pagination as per the request's intent to fetch the next 15 posts.",no,no
33160,687,2,"lora-1.7b,qlora-1.7b",echantillon,non_derivable,,"Get posts from the 'trending' category on 9gag, starting from a specific post.","[{""name"": ""get_posts_from_page"", ""arguments"": {""category"": ""trending"", ""after"": ""specific_post_id""}}]","[{""name"": ""get_gifs_by_id"", ""description"": ""Fetches multiple GIF details from Giphy by their IDs."", ""parameters"": {""ids"": {""description"": ""A comma-separated string of GIF IDs."", ""type"": ""str"", ""default"": ""feqkVgjJpYtjy,7rzbxdu0ZEXLy""}}}, {""name"": ""image_generation_endpoint"", ""description"": ""Generates an image using the Bruzu API with the specified width, height, and background image URL. The API key for the Toolbench RapidAPI is also required to authenticate the request."", ""parameters"": {""width"": {""description"": ""The width of the generated image. Defaults to 500."", ""type"": ""int, optional"", ""default"": ""500""}, ""backgroundimage"": {""description"": ""The URL of the background image. Defaults to 'https://source.unsplash.com/500x500/'."", ""type"": ""str, optional"", ""default"": ""https://source.unsplash.com/500x500/""}, ""height"": {""description"": ""The height of the generated image. Defaults to 500."", ""type"": ""int, optional"", ""default"": ""500""}}}, {""name"": ""get_posts_from_page"", ""description"": ""Fetches posts from a specified category on a 9gag page."", ""parameters"": {""category"": {""description"": ""The category of posts to fetch, as supported by the /get_pages endpoint."", ""type"": ""str"", ""default"": ""trending""}, ""counter"": {""description"": ""Counter for pagination; leave blank for the first request. For subsequent requests, provide the counter value from the previous response."", ""type"": ""str, optional"", ""default"": """"}, ""after"": {""description"": ""Pagination parameter to fetch posts after a certain point; leave blank for the first request. For subsequent requests, provide the after value from the previous response."", ""type"": ""str, optional"", ""default"": """"}}}]","The reference uses 'specific_post_id' which is not provided in the request, making it not derivable; the prediction uses '12345' and 'counter' which are not justified by the request.","The reference uses 'specific_post_id' which is not provided in the request, making it not derivable; the prediction uses 'counter' and 'after' values that are arbitrary and not specified in the request.",no,no
28250,713,2,"lora-1.7b,qlora-1.7b",echantillon,non_derivable,,"Fetch the radio playlist for the song 'Shape of You' by Ed Sheeran and the top 20 artists from the Artist 100 chart on February 14, 2023.","[{""name"": ""get_radio_playlist"", ""arguments"": {""uri"": ""spotify:track:0Cx6JZG49ENq3PqTvz07Ot""}}, {""name"": ""artist_100"", ""arguments"": {""date"": ""2023-02-14"", ""range"": ""1-20""}}]","[{""name"": ""get_radio_playlist"", ""description"": ""Fetches a radio playlist for a given artist or song using the Spotify API."", ""parameters"": {""uri"": {""description"": ""The URI of the artist or song for which to generate the radio playlist."", ""type"": ""str"", ""default"": ""spotify:artist:2w9zwq3AktTeYYMuhMjju8""}}}, {""name"": ""catalog_albums"", ""description"": ""Fetch catalog album data from the Billboard API for a specified week."", ""parameters"": {""week"": {""description"": ""The week for which to fetch the catalog albums chart in the format 'YYYY-MM-DD'. Defaults to '2022-10-08'."", ""type"": ""str"", ""default"": ""2022-10-08""}}}, {""name"": ""artist_100"", ""description"": ""Fetches the Artist 100 chart from the Billboard API for a specified date and range."", ""parameters"": {""date"": {""description"": ""The date for which to fetch the chart, in YYYY-MM-DD format."", ""type"": ""str"", ""default"": ""2021-07-07""}, ""range"": {""description"": ""The range of results to return. Defaults to '1-10'. Returns all results if not specified."", ""type"": ""str, optional"", ""default"": ""1-10""}}}]","The reference answer uses a specific Spotify track URI for 'Shape of You' that is not mentioned in the request, making it not derivable; the prediction uses a different invalid URI, so it does not correctly fulfill the request.","The reference uses a specific track URI for 'Shape of You' that is not mentioned in the request, making it not derivable; the prediction uses a different, incorrect track URI.",no,no
22853,733,2,"lora-1.7b,qlora-1.7b",echantillon,derivable,,I need details about the state of California and also search for articles related to 'climate change' on websites ending with '.org'.,"[{""name"": ""states_details"", ""arguments"": {""is_id"": ""California""}}, {""name"": ""search"", ""arguments"": {""query"": ""climate change site:.org"", ""limit"": 10}}]","[{""name"": ""search"", ""description"": ""Performs a web search using the Google Web Search API."", ""parameters"": {""query"": {""description"": ""The search query string; can include specific search operators like `site:`, `filetype:`, `inurl:`, etc."", ""type"": ""str"", ""default"": ""World Cup""}, ""related_keywords"": {""description"": ""Indicates whether to show related keywords in the search results. Using 'true' increases API latency. Default is 'true'."", ""type"": ""str, optional"", ""default"": ""true""}, ""limit"": {""description"": ""The maximum number of results to return. Recommended maximum value is 300. Default is 20."", ""type"": ""int, optional"", ""default"": ""20""}}}, {""name"": ""states_details"", ""description"": ""Retrieves detailed information about a specific state using its ID."", ""parameters"": {""is_id"": {""description"": ""The ID of the state for which to retrieve details."", ""type"": ""str"", ""default"": ""4022""}}}, {""name"": ""search"", ""description"": ""Searches the Google Search API using the provided query and parameters."", ""parameters"": {""query"": {""description"": ""The search query. You can utilize advanced Google Search parameters, e.g., 'adele site:youtube.com', 'harry potter filetype:pdf', 'inurl:store', 'ronaldo -cristiano'."", ""type"": ""str"", ""default"": ""Nike""}, ""limit"": {""description"": ""The maximum number of search results to return. The default is 10. The recommended maximum value is 300."", ""type"": ""int, optional"", ""default"": ""10""}, ""related_keywords"": {""description"": ""Whether to include related keywords in the search results. The default is 'true'. Setting this to 'true' can increase API latency."", ""type"": ""str, optional"", ""default"": ""true""}}}, {""name"": ""vin_decoder_lite"", ""description"": ""This function decodes a given Vehicle Identification Number (VIN) using the RapidAPI VIN Decoder Lite service and returns the decoded information."", ""parameters"": {""vin"": {""description"": ""The Vehicle Identification Number (VIN) to be decoded. It must be 17 characters long."", ""type"": ""str"", ""default"": ""5YJ3E1EA6PF384836""}}}]","The reference uses 'California' as the state ID, which is not derivable from the request since the request does not specify the ID format; the prediction uses 'CA', which may be correct but differs from the reference, and omits the 'site:.org' operator required in the request.","The reference uses 'California' as the state ID, which is not derivable from the request since the request does not specify the ID format; the prediction uses 'CA', which may be correct but differs from the reference, and omits the 'site:.org' operator required for the search.",no,no
8693,785,2,"lora-1.7b,qlora-1.7b",echantillon,non_derivable,,"Could you fetch the English map tile for the location of the Eiffel Tower at zoom level 14, with X and Y coordinates? Also, I need the map tile for Times Square at the same zoom level. Lastly, provide the map tile for the Golden Gate Bridge at zoom level 15.","[{""name"": ""en_map_v1_z_x_y_png"", ""arguments"": {""z"": 14, ""x"": 4567, ""y"": 2987}}, {""name"": ""en_map_v1_z_x_y_png"", ""arguments"": {""z"": 14, ""x"": 1234, ""y"": 5678}}, {""name"": ""en_map_v1_z_x_y_png"", ""arguments"": {""z"": 15, ""x"": 9876, ""y"": 4321}}]","[{""name"": ""en_map_v1_z_x_y_png"", ""description"": ""Download an English map tile as a PNG image from the RapidAPI offline-maptiles service."", ""parameters"": {""z"": {""description"": ""Zoom factor, between 0 and 19."", ""type"": ""int"", ""default"": ""3""}, ""y"": {""description"": ""Y tile number."", ""type"": ""int"", ""default"": ""3""}, ""x"": {""description"": ""X tile number."", ""type"": ""int"", ""default"": ""6""}}}]","The prediction uses arbitrary X and Y coordinates that do not correspond to the Eiffel Tower, Times Square, or the Golden Gate Bridge as required.","The reference answer contains specific X and Y coordinates that are not mentioned in the request and cannot be derived from it, making the reference not derivable; the prediction provides arbitrary coordinates that do not correspond to the Eiffel Tower, Times Square, or the Golden Gate Bridge, thus failing to satisfy the request.",no,no
5594,806,2,"lora-1.7b,qlora-1.7b",echantillon,non_derivable,,Find the upcoming matches for the New York Yankees baseball team.,"[{""name"": ""teamnearmatches"", ""arguments"": {""is_id"": 1099}}]","[{""name"": ""players_at_position"", ""description"": ""Fetches all players at a specified position from the National Football Players API."", ""parameters"": {""position"": {""description"": ""The abbreviated position name to query players for (e.g., QB, RB, WR)."", ""type"": ""str"", ""default"": ""QB""}}}, {""name"": ""teamnearmatches"", ""description"": ""Fetches the near matches for a specific baseball team using the team ID."", ""parameters"": {""is_id"": {""description"": ""The team ID for which to retrieve the near matches."", ""type"": ""int"", ""default"": 3633}}}, {""name"": ""ufc_fight_night_kara_france_vs_albazi_june_03_2023"", ""description"": ""Fetch details of UFC Fight Night: Kara-France vs. Albazi on June 03, 2023."", ""parameters"": {""offset"": {""description"": ""The starting point of records to return. Defaults to None."", ""type"": ""int, optional"", ""default"": """"}, ""limit"": {""description"": ""The number of records to return. Defaults to None."", ""type"": ""int, optional"", ""default"": """"}}}]","The reference uses a team ID (1099) not mentioned in the request, making it not derivable; the prediction uses a different ID (12345), which is incorrect as it does not correspond to the Yankees.","The prediction uses an incorrect team ID (1000000000) that does not correspond to the New York Yankees, while the reference uses 1099 which may be correct but is not derivable from the request.",no,no
10217,920,2,"lora-1.7b,qlora-1.7b",echantillon,non_derivable,,List all songs from the Jet Set Radio API without any sorting.,"[{""name"": ""songs"", ""arguments"": {""limit"": ""100""}}]","[{""name"": ""songs"", ""description"": ""Fetches a list of songs from JSR/JSRF using the specified parameters."", ""parameters"": {""limit"": {""description"": ""The maximum number of items to return in the response. Default is '5'."", ""type"": ""str"", ""default"": ""5""}, ""sortby"": {""description"": ""The field by which to sort the results. Possible values include fields on the document, e.g., 'name', 'stats'. Default is 'name'."", ""type"": ""str"", ""default"": ""name""}, ""orderby"": {""description"": ""The order in which to sort the results. Possible values are 'asc' for ascending and 'desc' for descending. The `sortby` parameter must be present for this to take effect. Default is 'asc'."", ""type"": ""str"", ""default"": ""asc""}}}]",The prediction includes 'sortby' which contradicts the request to list songs without any sorting.,"The reference answer uses a limit of 100, which is not specified in the request and cannot be derived from it; the prediction includes default sorting parameters not requested, contradicting the 'without any sorting' instruction.",no,no
46185,938,2,"lora-1.7b,qlora-1.7b",echantillon,non_derivable,,I want to know about the albums of Beyonce and Kanye West. Can you provide me with their album details from their Spotify pages?,"[{""name"": ""get_artist_s_albums"", ""arguments"": {""spotify_url"": ""https://open.spotify.com/artist/6vWDO969PvNqNYHIOW5v0m""}}, {""name"": ""get_artist_s_albums"", ""arguments"": {""spotify_url"": ""https://open.spotify.com/artist/5K4W6rqBFWDnAN6FQUkS6x""}}]","[{""name"": ""get_artist_s_albums"", ""description"": ""Fetches and returns basic details about the albums of an artist from a given Spotify URL."", ""parameters"": {""spotify_url"": {""description"": ""The URL of the artist's Spotify page."", ""type"": ""str"", ""default"": ""https://open.spotify.com/artist/1nIUhcKHnK6iyumRyoV68C""}}}]","The prediction uses an invalid Spotify URL that does not correspond to Beyonce or Kanye West, making it impossible to retrieve correct album details.","The prediction uses the same incorrect Spotify URL for both artists, and the URL does not correspond to either Beyonce or Kanye West.",no,no
30798,946,2,"lora-1.7b,qlora-1.7b",echantillon,non_derivable,,"What are the movers in the 'CURRENCY' market segment today, and can you also show me the movers in the 'COMMODITY' market segment?","[{""name"": ""market_get_movers"", ""arguments"": {""is_id"": ""example_id"", ""template"": ""CURRENCY""}}, {""name"": ""market_get_movers"", ""arguments"": {""is_id"": ""example_id"", ""template"": ""COMMODITY""}}]","[{""name"": ""market_get_movers"", ""description"": ""Fetch the latest information on market movers based on a specified template."", ""parameters"": {""is_id"": {""description"": ""The ID value returned from the market auto-complete endpoint, used to specify the market segment."", ""type"": ""str"", ""default"": ""nky:ind""}, ""template"": {""description"": ""A string representing the category of market movers to retrieve. Possible values are 'COMMODITY', 'CURRENCY', 'INDEX', 'INDEXFUTURE', 'RATE', or 'STOCK'. Defaults to 'INDEX'."", ""type"": ""str, optional"", ""default"": ""INDEX""}}}]","The prediction correctly retrieves movers for both 'CURRENCY' and 'COMMODITY' segments using valid is_id values, satisfying the request.",The prediction correctly retrieves movers for both 'CURRENCY' and 'COMMODITY' segments using the available tool; the reference uses an unprovided 'example_id' not derivable from the request.,no,no
26460,991,2,"lora-1.7b,qlora-1.7b",echantillon,non_derivable,,Can you fetch details for the movie 'The Shawshank Redemption' in Spanish?,"[{""name"": ""title_details"", ""arguments"": {""is_id"": ""movie-278"", ""language"": ""ES""}}]","[{""name"": ""title_details"", ""description"": ""Fetch the details for a specific title using the Watchmode universal ID."", ""parameters"": {""is_id"": {""description"": ""This ID can be the Watchmode ID of the title (returned by other endpoints such as the list-titles endpoint) or found in the mapping file: https://api.watchmode.com/datasets/title_id_map.csv."", ""type"": ""str"", ""default"": ""3173903""}, ""language"": {""description"": ""Two-letter ISO 639-1 language code. Returns the title and plot overview in the specified language. If not provided, the default is 'ES'. If set to a value other than 'EN', an additional field called `english_title` will be included with the title in English if available."", ""type"": ""str, optional"", ""default"": ""ES""}}}, {""name"": ""lines_line_abs"", ""description"": ""Fetches poems that contain a specific line using the Thundercomb Poetry DB API."", ""parameters"": {""line"": {""description"": ""The exact line to search for in poems."", ""type"": ""str"", ""default"": """"}}}]","The prediction correctly fetches movie details in Spanish using a valid ID, satisfying the request.","The prediction correctly fetches movie details in Spanish using a valid ID format, satisfying the request.",no,no
12569,1108,2,"lora-1.7b,qlora-1.7b",echantillon,non_derivable,"Dérivable : identifiant canonique public que tout modèle compétent produit (ticker mega-cap, code ISO, capitale). Non dérivable : identifiant interne à une API (UUID, ObjectId, ID numérique propriétaire), même quand l'entité est célèbre.",What are the latest news on Microsoft's stock and the market details for Ripple?,"[{""name"": ""stock_news"", ""arguments"": {""symbol"": ""MSFT""}}, {""name"": ""get_coin_markets"", ""arguments"": {""uuid"": ""QXN57A0HV""}}]","[{""name"": ""stock_news"", ""description"": ""Fetches the latest news related to a specific stock symbol/ticker."", ""parameters"": {""symbol"": {""description"": ""The stock symbol or ticker for which to fetch news. Examples include 'MSFT:NASDAQ', 'MSFT', '^DJI', and 'VTSAX'."", ""type"": ""str"", ""default"": ""AAPL:NASDAQ""}, ""language"": {""description"": ""The language in which to return the results, specified as a 2-letter ISO 639-1 code. Default is 'en'."", ""type"": ""str, optional"", ""default"": ""en""}}}, {""name"": ""coins_get_analysis"", ""description"": ""Fetches expert analysis opinion for a specific cryptocurrency pair from the Investing Cryptocurrency Markets API."", ""parameters"": {""pair_id"": {""description"": ""The identifier for the cryptocurrency pair. This value can be obtained from endpoints like coins/list, coins/search, and coins/list-pairs."", ""type"": ""int"", ""default"": ""1057391""}, ""time_utc_offset"": {""description"": ""The UTC offset in seconds, e.g., UTC+8 hours is 28800 seconds. Default is 28800 (UTC+8)."", ""type"": ""int, optional"", ""default"": ""28800""}, ""lang_id"": {""description"": ""The language identifier, as returned from the get-meta-data endpoint. Default is 1."", ""type"": ""int, optional"", ""default"": ""1""}, ""page"": {""description"": ""The page number for pagination. Default is 1."", ""type"": ""int, optional"", ""default"": ""1""}}}, {""name"": ""getportfolioinfo"", ""description"": ""Retrieves portfolio information for a given portfolio ID from the Trader Wagon API."", ""parameters"": {""portfolioid"": {""description"": ""The portfolio ID of the trader."", ""type"": ""int"", ""default"": """"}}}, {""name"": ""get_coin_markets"", ""description"": ""Retrieve markets on different exchanges that trade a specific coin."", ""parameters"": {""uuid"": {""description"": ""UUID of the coin you want to request markets for."", ""type"": ""str"", ""default"": ""Qwsogvtv82FCd""}, ""offset"": {""description"": ""Offset for pagination. Default is 0."", ""type"": ""int, optional"", ""default"": ""0""}, ""orderby"": {""description"": ""Index to sort results by. Default is '24hVolume'."", ""type"": ""str, optional"", ""default"": ""24hVolume""}, ""limit"": {""description"": ""Limit on the number of results returned. Default is 50."", ""type"": ""int, optional"", ""default"": ""50""}, ""search"": {""description"": ""Value to filter search results, e.g., exchange names, currency names, or currency symbols."", ""type"": ""str, optional"", ""default"": """"}, ""referencecurrencyuuid"": {""description"": ""UUID of the reference currency used to calculate the volume. Defaults to the US Dollar."", ""type"": ""str, optional"", ""default"": ""yhjMzLPhuIDl""}, ""orderdirection"": {""description"": ""Order results in ascending ('asc') or descending ('desc') order. Default is 'desc'."", ""type"": ""str, optional"", ""default"": ""desc""}}}]","The reference uses 'get_coin_markets' with a UUID not mentioned in the request, while the prediction uses 'coins_get_analysis', which does not match the request's intent for market details on Ripple.","The reference uses 'get_coin_markets' with a UUID not mentioned in the request, while the prediction uses 'coins_get_analysis' which does not match the request's intent for market details on Ripple.",no,no
20114,1163,2,"lora-1.7b,qlora-1.7b",echantillon,non_derivable,,"I'm planning a trip to Rio de Janeiro, what's the weather forecast there for the next 5 days?","[{""name"": ""daily_forecast_5_days"", ""arguments"": {""longitude"": ""-43.172896"", ""latitude"": ""-22.906847""}}]","[{""name"": ""daily_forecast_5_days"", ""description"": ""Fetch a 5-day daily weather forecast for the specified geographic coordinates."", ""parameters"": {""longitude"": {""description"": ""The longitude of the location for which the forecast is to be retrieved."", ""type"": ""str"", ""default"": ""103.86""}, ""latitude"": {""description"": ""The latitude of the location for which the forecast is to be retrieved."", ""type"": ""str"", ""default"": ""1.28""}}}]","The prediction provides a valid 5-day weather forecast call for Rio de Janeiro using plausible coordinates; though the reference uses slightly different coordinates, both are valid and the request did not specify exact coordinates.","The latitude value in the prediction has the wrong sign compared to the reference, which would place it in the wrong hemisphere.",no,no
32273,1272,2,"lora-1.7b,qlora-1.7b",echantillon,non_derivable,,Create a histogram for a list of random integers between 10 and 50 with 5 bins.,"[{""name"": ""create_histogram"", ""arguments"": {""data"": [15, 22, 33, 45, 18, 27, 38, 41, 19, 24], ""bins"": 5}}]","[{""name"": ""create_histogram"", ""description"": ""Create a histogram based on provided data."", ""parameters"": {""data"": {""description"": ""The data for which histogram needs to be plotted."", ""type"": ""list"", ""default"": 10}, ""bins"": {""description"": ""The number of equal-width bins in the range. Default is 10."", ""type"": ""int"", ""default"": 10}}}, {""name"": ""note_duration"", ""description"": ""Calculates the duration between two musical notes based on their frequencies and the tempo."", ""parameters"": {""freq1"": {""description"": ""The frequency of the first note in Hz."", ""type"": ""int"", ""default"": 120}, ""freq2"": {""description"": ""The frequency of the second note in Hz."", ""type"": ""int"", ""default"": 120}, ""bpm"": {""description"": ""The tempo of the music in beats per minute. Defaults to 120."", ""type"": ""int, optional""}}}, {""name"": ""euclidean_distance"", ""description"": ""Computes the Euclidean distance between two points in a 2D plane."", ""parameters"": {""point_a"": {""description"": ""The coordinates of the first point (x, y)."", ""type"": ""Tuple[float, float]""}, ""point_b"": {""description"": ""The coordinates of the second point (x, y)."", ""type"": ""Tuple[float, float]""}}}]","The reference answer uses a specific hardcoded list of integers, while the prediction uses a dynamically generated list with a list comprehension, which does not match the required format or deterministic data expected.","The reference answer uses a specific hardcoded list of integers, which cannot be derived from the request; the prediction correctly interprets the need for random integers between 10 and 50 but uses a synthetic list generation not present in the reference.",no,no
18475,1374,2,"lora-1.7b,qlora-1.7b",echantillon,non_derivable,,"Search for weather information in 'New York, USA' and 'Mumbai, India'. Also, check for any weather alerts in 'Los Angeles, USA'.","[{""name"": ""search_api"", ""arguments"": {""q"": ""New York, USA""}}, {""name"": ""search_api"", ""arguments"": {""q"": ""Mumbai, India""}}, {""name"": ""alerts"", ""arguments"": {""lat"": ""34.0522"", ""lon"": ""-118.2437"", ""language"": ""en""}}]","[{""name"": ""by_geographic_coordinates"", ""description"": ""Fetches weather data based on geographic coordinates."", ""parameters"": {""lon"": {""description"": ""Longitude of the geographic coordinates."", ""type"": ""int"", ""default"": ""139""}, ""lat"": {""description"": ""Latitude of the geographic coordinates."", ""type"": ""int"", ""default"": ""35""}, ""units"": {""description"": ""Units of measurement. Options are 'standard', 'metric', and 'imperial'. Defaults to 'standard' if not specified."", ""type"": ""str, optional"", ""default"": """"}, ""lang"": {""description"": ""Language for the output. Defaults to the API's default language if not specified."", ""type"": ""str, optional"", ""default"": """"}}}, {""name"": ""search_api"", ""description"": ""Searches for location information using the World Weather Online API."", ""parameters"": {""q"": {""description"": ""The query value for the location search."", ""type"": ""str"", ""default"": ""london""}, ""format"": {""description"": ""The format of the response. Defaults to None."", ""type"": ""str, optional"", ""default"": """"}}}, {""name"": ""alerts"", ""description"": ""Fetches severe weather alerts for a specified location using GPS coordinates or place ID."", ""parameters"": {""place_id"": {""description"": ""Identifier of a place obtained from the 'Location' endpoints. If provided, it takes precedence over lat and lon."", ""type"": ""str, optional"", ""default"": """"}, ""lat"": {""description"": ""Latitude of the location, with defaults to '45.74846'. This can be in formats like 12N, 12.3N, -13.4. Ignored if place_id is provided."", ""type"": ""str, optional"", ""default"": ""45.74846""}, ""lon"": {""description"": ""Longitude of the location, with defaults to '4.84671'. This can be in formats like 12E, 12.3E, -13.4. Ignored if place_id is provided."", ""type"": ""str, optional"", ""default"": ""4.84671""}, ""language"": {""description"": ""Language of text summaries. Supported languages are:"", ""type"": ""str, optional"", ""default"": ""en""}, ""timezone"": {""description"": ""Timezone for date fields in the response. Default is 'auto', which uses the local timezone of the location. Format follows the tzinfo database (e.g., 'Europe/Prague', 'UTC')."", ""type"": ""str, optional"", ""default"": ""auto""}}}]","The reference uses coordinates for Los Angeles that are not provided in the request, making it not derivable; the prediction uses a place_id not mentioned in the request, which contradicts the required input method.","The prediction uses a place_id and language ('es') not present in the request, while the reference uses hardcoded coordinates and language 'en', neither derivable from the request.",no,no
55410,1428,2,"lora-1.7b,qlora-1.7b",echantillon,non_derivable,,What are the current rankings of Major League Baseball (MLB) and Nippon Professional Baseball (NPB)?,"[{""name"": ""baseball_league_rankings"", ""arguments"": {""league_id"": ""MLB_LEAGUE_ID""}}, {""name"": ""baseball_league_rankings"", ""arguments"": {""league_id"": ""NPB_LEAGUE_ID""}}]","[{""name"": ""competition_details"", ""description"": ""Retrieve detailed information about a specific competition."", ""parameters"": {""competition"": {""description"": ""The ID of the competition."", ""type"": ""int"", ""default"": 103}, ""langid"": {""description"": ""The language ID for the response."", ""type"": ""int"", ""default"": 1}, ""timezone"": {""description"": ""The timezone for the response."", ""type"": ""str"", ""default"": ""America/Chicago""}, ""withseasons"": {""description"": ""Whether to include season information. Defaults to None."", ""type"": ""bool, optional"", ""default"": true}}}, {""name"": ""baseball_league_rankings"", ""description"": ""Fetches and returns the baseball league standings for a given league ID."", ""parameters"": {""league_id"": {""description"": ""The ID of the baseball league for which rankings are to be fetched. League IDs can be retrieved from the Baseball Live Matches endpoint."", ""type"": ""str"", ""default"": ""41276""}}}, {""name"": ""event_data"", ""description"": ""Fetches event data for a given event ID using the Toolbench RapidAPI."", ""parameters"": {""event_id"": {""description"": ""The unique identifier for the event."", ""type"": ""int"", ""default"": ""10277254""}}}, {""name"": ""fixtures_by_series"", ""description"": ""Fetches fixtures and results for a given cricket series using the RapidAPI service."", ""parameters"": {""series_id"": {""description"": ""The unique identifier for the cricket series."", ""type"": ""int"", ""default"": ""606""}}}]",The reference uses league IDs 'MLB_LEAGUE_ID' and 'NPB_LEAGUE_ID' which are not provided in the request and cannot be derived from it.,"The reference uses placeholder IDs ('MLB_LEAGUE_ID', 'NPB_LEAGUE_ID') not derivable from the request, and the prediction uses arbitrary IDs ('1', '2') that do not correspond to actual league IDs.",no,no
33254,1433,2,"lora-1.7b,qlora-1.7b",echantillon,derivable,,Fetch the results for the day before New Year's Eve in 2040.,"[{""name"": ""results"", ""arguments"": {""date"": ""2040-12-30""}}]","[{""name"": ""results"", ""description"": ""Fetches the race results for a given date from the Greyhound Racing UK API."", ""parameters"": {""date"": {""description"": ""The date for which to retrieve race results in 'YYYY-MM-DD' format. Default is '2021-06-02'."", ""type"": ""str"", ""default"": ""2021-06-02""}}}]","The reference answer uses '2040-12-30', but the day before New Year's Eve in 2040 is '2040-12-31', making the reference contain an incorrect date not derivable from the request.","The reference answer uses '2040-12-30', but the day before New Year's Eve in 2040 is '2040-12-31', making the reference contain an incorrect date not derivable from the request.",no,no
25190,1439,2,"lora-1.7b,qlora-1.7b",echantillon,incertain,,What are the details of the SWIFT code for JPMorgan Chase Bank in New York?,"[{""name"": ""swift_code"", ""arguments"": {""swift_code"": ""CHASUS33""}}]","[{""name"": ""swift_code"", ""description"": ""Fetches and returns the details of a specified SWIFT code using the Toolbench RapidAPI service."", ""parameters"": {""swift_code"": {""description"": ""The SWIFT code for which the details are to be retrieved."", ""type"": ""str"", ""default"": ""NATAAU33033""}}}, {""name"": ""get_3_fluctuation_endpoint"", ""description"": ""Fetches the percentage change in exchange rates for specified currencies over a given time period."", ""parameters"": {""end_date"": {""description"": ""The end date for the time period of the fluctuation data."", ""type"": ""str"", ""default"": ""2023-02-28""}, ""base"": {""description"": ""The base currency for which the fluctuation data is to be retrieved."", ""type"": ""str"", ""default"": ""eur""}, ""start_date"": {""description"": ""The start date for the time period of the fluctuation data."", ""type"": ""str"", ""default"": ""2023-01-01""}, ""symbols"": {""description"": ""Specific currencies for which the fluctuation data is to be retrieved. Defaults to 'usd'."", ""type"": ""str, optional"", ""default"": ""usd""}}}, {""name"": ""fetchaverification"", ""description"": ""Fetch a verification status for a specific customer from the ClearDil API."", ""parameters"": {""authorization"": {""description"": ""Authorization token for API access."", ""type"": ""str"", ""default"": ""Bearer {{accessTokenUser}}""}, ""content_type"": {""description"": ""The content type for the request header."", ""type"": ""str"", ""default"": ""application/json""}, ""verification_a_id"": {""description"": ""The ID of the verification to be fetched."", ""type"": ""str"", ""default"": ""verification_a_id""}, ""customer_a_id"": {""description"": ""The ID of the customer for whom the verification is being fetched."", ""type"": ""str"", ""default"": ""customer_a_id""}}}]","The prediction uses 'JPMORG' which is not a valid SWIFT code for JPMorgan Chase Bank in New York, while the reference uses 'CHASUS33', but the request does not provide enough information to derive the correct SWIFT code.","The prediction provides a different SWIFT code (JPMNCHF01SA) than the reference (CHASUS33), which does not match the requested bank in New York.",no,no
31433,1455,2,"lora-1.7b,qlora-1.7b",echantillon,derivable,,What are the playlists that discovered Adele on Spotify? And list the top 20 summer songs of all time.,"[{""name"": ""artist_discovered_on"", ""arguments"": {""is_id"": ""Adele""}}, {""name"": ""greatest_of_all_time_songs_of_the_summer"", ""arguments"": {""range"": ""1-20""}}]","[{""name"": ""artist_discovered_on"", ""description"": ""Fetches playlists where the artist was discovered using the Spotify API."", ""parameters"": {""is_id"": {""description"": ""The Spotify ID of the artist."", ""type"": ""str"", ""default"": ""2w9zwq3AktTeYYMuhMjju8""}}}, {""name"": ""greatest_of_all_time_songs_of_the_summer"", ""description"": ""Fetches the Greatest of All Time Songs of the Summer chart from the Billboard API."", ""parameters"": {""range"": {""description"": ""The range of songs to retrieve. Default is '1-10'."", ""type"": ""str, optional"", ""default"": ""1-10""}}}]","The prediction matches the reference in substance and satisfies the request, though the reference uses 'Adele' as an ID which is not a valid Spotify ID and thus not derivable from the request.","The reference uses 'Adele' as the artist ID, which is not a valid Spotify ID and cannot be derived from the request; the prediction uses an invalid ID format and incorrect range syntax.",no,no
19046,1479,2,"lora-1.7b,qlora-1.7b",echantillon,non_derivable,,What's the weather looking like in Tokyo over the next five days?,"[{""name"": ""daily_forecast_5_days"", ""arguments"": {""longitude"": ""139.691706"", ""latitude"": ""35.689487""}}]","[{""name"": ""daily_forecast_5_days"", ""description"": ""Fetch a 5-day daily weather forecast for the specified geographic coordinates."", ""parameters"": {""longitude"": {""description"": ""The longitude of the location for which the forecast is to be retrieved."", ""type"": ""str"", ""default"": ""103.86""}, ""latitude"": {""description"": ""The latitude of the location for which the forecast is to be retrieved."", ""type"": ""str"", ""default"": ""1.28""}}}]","The prediction provides the correct tool with coordinates for Tokyo rounded to four decimal places, which is functionally equivalent to the reference for the purpose of fetching a 5-day forecast.","Both the prediction and reference provide valid coordinates for Tokyo in a 5-day forecast call, satisfying the request.",no,no
11512,1483,2,"lora-1.7b,qlora-1.7b",echantillon,non_derivable,,I'm a DJ and I want to explore the albums of Eminem and the latest 10 albums of Rihanna. Could you provide that information?,"[{""name"": ""artist_albums"", ""arguments"": {""is_id"": ""990011"", ""offset"": 0, ""limit"": 100}}, {""name"": ""artist_albums"", ""arguments"": {""is_id"": ""223344"", ""offset"": 0, ""limit"": 10}}]","[{""name"": ""artist_albums"", ""description"": ""Fetches the albums of an artist from the Spotify API using RapidAPI."", ""parameters"": {""is_id"": {""description"": ""The unique identifier for the artist."", ""type"": ""str"", ""default"": ""2w9zwq3AktTeYYMuhMjju8""}, ""offset"": {""description"": ""The index of the first album to return. Defaults to 0."", ""type"": ""int, optional"", ""default"": ""0""}, ""limit"": {""description"": ""The maximum number of albums to return. Defaults to 100."", ""type"": ""int, optional"", ""default"": ""100""}}}]","The reference uses artist IDs not mentioned in the request, making it not derivable; the prediction incorrectly uses the same ID for both artists and does not match the requested artists.","The reference uses artist IDs '990011' and '223344' which are not mentioned in the request, making them not derivable; the prediction uses 'eminem' and 'rihanna' as IDs, which are not valid IDs but search terms, and does not specify different limits for Rihanna's latest 10 albums.",no,no
15774,1543,2,"lora-1.7b,qlora-1.7b",echantillon,non_derivable,,Validate a phone number with country code 1 for the United States and fetch details about an IP address 172.16.0.1.,"[{""name"": ""v1_validatephone"", ""arguments"": {""number"": ""1234567890"", ""country"": ""US""}}, {""name"": ""ip_address"", ""arguments"": {""ip"": ""172.16.0.1""}}]","[{""name"": ""get_response"", ""description"": ""Generates an automatic custom response based on the type and brand of a business and a given review."", ""parameters"": {""business_type"": {""description"": ""The type of the business (e.g., \""Restaurant\"")."", ""type"": ""str"", ""default"": ""Restaurant""}, ""business_brand"": {""description"": ""The brand of the business (e.g., \""Fuzi\"")."", ""type"": ""str"", ""default"": ""Fuzi""}, ""avis"": {""description"": ""The review text (e.g., \""Merci pour votre accueil, c'\u00e9tait parfait\"")."", ""type"": ""str"", ""default"": ""C'\u00e9tait excellent""}}}, {""name"": ""ip_address"", ""description"": ""Fetch information related to an IP address using the Phone and Email Validator API."", ""parameters"": {""ip"": {""description"": ""The IP address to be queried."", ""type"": ""str"", ""default"": ""127.0.0.1""}}}, {""name"": ""postalcode"", ""description"": ""Fetches location information for a given US postal code using the Toolbench API service."", ""parameters"": {""postal_code"": {""description"": ""The postal code or zip code for which to fetch location information."", ""type"": ""str"", ""default"": ""33166""}}}, {""name"": ""v1_validatephone"", ""description"": ""Validates a given phone number and returns metadata using the API Ninjas Validate Phone API."", ""parameters"": {""number"": {""description"": ""The phone number to validate. If `country` is not specified, the phone number must include the 3-digit country code prefix."", ""type"": ""str"", ""default"": ""+12065550100""}, ""country"": {""description"": ""The 2-letter ISO-3166 country code corresponding to the phone number."", ""type"": ""str, optional"", ""default"": """"}}}]",The prediction correctly validates a US phone number and fetches IP details as requested; the reference uses an unspecified phone number not derivable from the request.,"The reference answer uses a phone number '1234567890' not mentioned in the request, making it impossible to derive from the input.",no,no
19272,1666,2,"lora-1.7b,qlora-1.7b",echantillon,derivable,,"Provide the railway period for May 5, 2022, and the learning resources from page 4 for Power BI.","[{""name"": ""get_railway_period_for_utc_date"", ""arguments"": {""millis"": 1651708800000}}, {""name"": ""getlearningresources"", ""arguments"": {""page"": 4}}]","[{""name"": ""get_railway_period_for_utc_date"", ""description"": ""Fetch the railway period for a given UTC date provided in milliseconds."", ""parameters"": {""millis"": {""description"": ""The UTC date in milliseconds since the Unix epoch."", ""type"": ""int"", ""default"": ""1654470000000""}}}, {""name"": ""getlearningresources"", ""description"": ""Fetches Power BI learning resources from the specified API page."", ""parameters"": {""page"": {""description"": ""The page number of the learning resources to retrieve."", ""type"": ""int"", ""default"": ""1""}}}, {""name"": ""response_by_quizid"", ""description"": ""Fetch all responses for a given quiz ID from the MoodRing API."", ""parameters"": {""quizid"": {""description"": ""The unique identifier for the quiz."", ""type"": ""str"", ""default"": ""1""}}}]","The reference uses a date value (1651708800000) not present in the request, which could not be derived from May 5, 2022; the prediction uses a different millis value that does not match the reference.","The reference uses a date in milliseconds (1651708800000) that does not correspond to May 5, 2022, making it not derivable from the request; the prediction uses a different millis value (1654540000000) which also does not match the correct timestamp for May 5, 2022, hence incorrect.",no,no
25135,1684,2,"lora-1.7b,qlora-1.7b",echantillon,derivable,,Fetch the latest equity data for Microsoft Corporation in French.,"[{""name"": ""get_equity_latest_data"", ""arguments"": {""slug"": ""microsoft-corporation"", ""lang"": ""fr""}}]","[{""name"": ""get_equity_latest_data"", ""description"": ""Fetches the latest equity data for a given equity slug."", ""parameters"": {""slug"": {""description"": ""The unique identifier for the equity, retrieved from screener results."", ""type"": ""str"", ""default"": ""saudi-aramco""}, ""lang"": {""description"": ""Language code for the data. Defaults to 'en'."", ""type"": ""str, optional"", ""default"": ""en""}}}, {""name"": ""market_capitalization"", ""description"": ""Fetches the market capitalization of a cryptocurrency in US Dollars."", ""parameters"": {""symbol"": {""description"": ""The ticker symbol of the cryptocurrency."", ""type"": ""str"", ""default"": ""BTC""}}}]","The reference uses 'microsoft-corporation' as the slug, which is not derivable from the request, and the prediction uses 'MSFT', which differs from the expected slug format and may not be accepted by the API.","The reference uses 'microsoft-corporation' as the slug, which is not derivable from the request, and the prediction uses 'MSFT', which differs from the expected slug format and may not be valid per the tool's requirements.",no,no
9945,1705,2,"lora-1.7b,qlora-1.7b",echantillon,non_derivable,,What are the latest shorts from the Vsauce channel and the James Charles channel?,"[{""name"": ""channel_shorts"", ""arguments"": {""channel_id"": ""UC6nSFpj9HTCZ5t-N3Rm3-HA""}}, {""name"": ""channel_shorts"", ""arguments"": {""channel_id"": ""UCVYamHliCI9r8Wi5OFKMDUw""}}]","[{""name"": ""channel_shorts"", ""description"": ""Fetch the latest shorts published by a YouTube channel using the provided `channel_id` and RapidAPI key."", ""parameters"": {""channel_id"": {""description"": ""The ID of the YouTube channel."", ""type"": ""str"", ""default"": ""UCVhQ2NnY5Rskt6UjCUkJ_DA""}}}]","The prediction uses the same incorrect channel ID for both requests, and neither matches the required Vsauce or James Charles channel IDs.",The prediction uses incorrect channel IDs that do not correspond to the Vsauce and James Charles channels as requested.,no,no
2993,1789,2,"lora-1.7b,qlora-1.7b",echantillon,derivable,,"Check if the Sudoku board [[1,2,3,4,5,6,7,8,9],[1,2,3,4,5,6,7,8,9],[1,2,3,4,5,6,7,8,9]...] is valid.","[{""name"": ""is_valid_sudoku"", ""arguments"": {""board"": [[1, 2, 3, 4, 5, 6, 7, 8, 9], [1, 2, 3, 4, 5, 6, 7, 8, 9], [1, 2, 3, 4, 5, 6, 7, 8, 9], [1, 2, 3, 4, 5, 6, 7, 8, 9], [1, 2, 3, 4, 5, 6, 7, 8, 9], [1, 2, 3, 4, 5, 6, 7, 8, 9], [1, 2, 3, 4, 5, 6, 7, 8, 9], [1, 2, 3, 4, 5, 6, 7, 8, 9], [1, 2, 3, 4, 5, 6, 7, 8, 9]]}}]","[{""name"": ""is_valid_sudoku"", ""description"": ""Checks if a 9x9 Sudoku board is valid."", ""parameters"": {""board"": {""description"": ""The Sudoku board represented as a 2D list of strings."", ""type"": ""List[List[str]]""}}}]","The prediction provides an incomplete Sudoku board with only 3 rows, while the request implies a full 9x9 board should be checked.","The prediction provides an incomplete Sudoku board with only 3 rows, while the request implies a full 9x9 board; the reference contains 9 identical rows but cannot be derived from the abbreviated input in the request.",no,no
50955,1922,2,"lora-1.7b,qlora-1.7b",echantillon,derivable,tout le gold est produisible depuis la requête + la doc ; le juge a mesuré la prédiction au lieu de la référence,Can you fetch the quarterly financial statements for 'FB' from the UK market?,"[{""name"": ""stock_get_financial_stmts"", ""arguments"": {""frequency"": ""quarterly"", ""symbol"": ""FB"", ""statement_type"": ""income"", ""region"": ""UK""}}, {""name"": ""stock_get_financial_stmts"", ""arguments"": {""frequency"": ""quarterly"", ""symbol"": ""FB"", ""statement_type"": ""balance"", ""region"": ""UK""}}, {""name"": ""stock_get_financial_stmts"", ""arguments"": {""frequency"": ""quarterly"", ""symbol"": ""FB"", ""statement_type"": ""cash"", ""region"": ""UK""}}]","[{""name"": ""quote_get_margin_requirements"", ""description"": ""Fetches the margin requirements for a given stock symbol from the Schwab API."", ""parameters"": {""symbol"": {""description"": ""The stock symbol for which to retrieve margin requirements."", ""type"": ""str"", ""default"": ""TSLA""}}}, {""name"": ""stock_get_financial_stmts"", ""description"": ""Fetch financial statements for a given stock symbol."", ""parameters"": {""frequency"": {""description"": ""The frequency of the financial statements. It can be either 'annual' or 'quarterly'."", ""type"": ""str"", ""default"": ""quarterly""}, ""symbol"": {""description"": ""The ticker symbol of the stock (e.g., \""AAPL\"" for Apple Inc.)."", ""type"": ""str"", ""default"": ""AAPL""}, ""statement_type"": {""description"": ""The type of financial statement to retrieve. It can be 'income', 'balance', 'cash', or a list containing these types."", ""type"": ""str"", ""default"": ""income""}, ""region"": {""description"": ""The region of the stock market. Defaults to 'US'. Allowed values are 'US', 'BR', 'AU', 'CA', 'FR', 'DE', 'HK', 'IN', 'IT', 'ES', 'GB', 'S'."", ""type"": ""str, optional"", ""default"": ""US""}}}]","The prediction makes only one call for cash statements, while the request implies fetching all financial statements (income, balance, cash), resulting in a wrong number of calls.","The prediction only retrieves one financial statement type, while the request implies fetching all quarterly financial statements, which typically include income, balance, and cash statements.",no,no
11204,2091,2,"lora-1.7b,qlora-1.7b",echantillon,non_derivable,,Retrieve job listings for a project manager at Oracle in Redwood City and a UX designer at Adobe in San Francisco.,"[{""name"": ""offerinfo"", ""arguments"": {""joburl"": ""https://www.oracle.com/jobs/redwoodcity/project-manager""}}, {""name"": ""offerinfo"", ""arguments"": {""joburl"": ""https://www.adobe.com/jobs/sanfrancisco/ux-designer""}}]","[{""name"": ""offerinfo"", ""description"": ""Fetches job offer data from the Google Jobs API using the provided job URL."", ""parameters"": {""joburl"": {""description"": ""The URL of the job offer to retrieve information for."", ""type"": ""str"", ""default"": ""https://www.google.com/search?ibp=htl%3Bjobs&q=developer+newyork&hl=en-US&kgs=e473f607e23ae72f&shndl=-1&source=sh%2Fx%2Fim%2Ftextlists%2Fdetail%2F1&entrypoint=sh%2Fx%2Fim%2Ftextlists%2Fdetail&mysharpfpstate=tldetail&htivrt=jobs&htiq=developer+newyork&htidocid=6ak4txGw4C4AAAAAAAAAAA%3D%3D""}}}]","The prediction provides job URLs that do not match the expected companies or locations, and the URLs appear fabricated or irrelevant to the actual job listings.","The reference answer contains job URLs that are not mentioned or derivable from the request, making it not derivable; the prediction provides different URLs that do not match the requested companies' domains correctly (e.g., 'oregon.com' instead of 'oracle.com').",no,no
6292,2122,2,"lora-1.7b,qlora-1.7b",echantillon,non_derivable,,"Can you find recipes for 'vegan lasagna' and list locations in Paris, France?","[{""name"": ""v1_recipe"", ""arguments"": {""query"": ""vegan lasagna""}}, {""name"": ""locations_v2_list"", ""arguments"": {""google_place_id"": ""ChIJD7fiBh9u5kcR2AlhC8nKlOk"", ""geo_text"": ""Paris, France""}}]","[{""name"": ""v1_recipe"", ""description"": ""Fetch a list of recipes for a given search query using the Recipe by API Ninjas service."", ""parameters"": {""query"": {""description"": ""The search query text to find matching recipes."", ""type"": ""str"", ""default"": ""italian wedding soup""}, ""offset"": {""description"": ""The number of results to offset in order to paginate through the results. Defaults to None."", ""type"": ""str, optional"", ""default"": """"}}}, {""name"": ""locations_v2_list"", ""description"": ""Fetch a list of locations from the specified Google place ID and additional geolocation parameters using the RapidAPI service."", ""parameters"": {""google_place_id"": {""description"": ""The Google Place ID representing a specific location."", ""type"": ""str"", ""default"": ""ChIJu46S-ZZhLxMROG5lkwZ3D7k""}, ""geo_text"": {""description"": ""The text description of the geographical location. Defaults to 'Roma, Metropolitan City of Rome, Italy'."", ""type"": ""str, optional"", ""default"": ""Roma, Metropolitan City of Rome, Italy""}, ""geo_ref"": {""description"": ""A boolean flag for additional geolocation referencing. Defaults to None."", ""type"": ""bool, optional"", ""default"": ""false""}, ""geo_type"": {""description"": ""The type of geographical entity (e.g., 'locality'). Defaults to 'locality'."", ""type"": ""str, optional"", ""default"": ""locality""}}}, {""name"": ""locations_auto_complete_deprecated"", ""description"": ""Fetch location suggestions based on a term or phrase, with optional location-based sorting."", ""parameters"": {""text"": {""description"": ""The term or phrase to search for location suggestions (e.g., city, district, country name)."", ""type"": ""str"", ""default"": ""milan""}, ""latitude"": {""description"": ""The latitude of the end user's location, used for sorting purposes. Defaults to None."", ""type"": ""int, optional"", ""default"": """"}, ""longitude"": {""description"": ""The longitude of the end user's location, used for sorting purposes. Defaults to None."", ""type"": ""int, optional"", ""default"": """"}}}, {""name"": ""feeds_auto_complete"", ""description"": ""Fetches auto-complete suggestions for food names or ingredients from the Yummly API."", ""parameters"": {""q"": {""description"": ""The food name or ingredient to get auto-complete suggestions for."", ""type"": ""str"", ""default"": ""chicken soup""}}}]","The reference answer uses a Google Place ID for Paris that does not appear in the request, making it not derivable; the prediction uses a different, also unmentioned Place ID, which contradicts the requirement to use only values from the request or derivable from it.","The prediction uses locations_auto_complete_deprecated instead of locations_v2_list, which is not the tool used in the reference and does not serve the same purpose.",no,no
52375,2133,2,"lora-1.7b,qlora-1.7b",echantillon,non_derivable,,Fetch the soundtracks for the movie 'Inception'.,"[{""name"": ""title_get_sound_tracks"", ""arguments"": {""tconst"": ""tt1375666""}}]","[{""name"": ""title_get_sound_tracks"", ""description"": ""Fetches the sound tracks for a specific title from the online movie database."", ""parameters"": {""tconst"": {""description"": ""The title identifier, which should start with 'tt' (e.g., 'tt0944947'), typically obtained from the /title/auto-complete or /title/find endpoints."", ""type"": ""str"", ""default"": ""tt0944947""}}}]","The reference uses 'tt1375666' which is the correct tconst for 'Inception', but the prediction uses 'tt0944947' which refers to a different movie, making the value incorrect.","The reference uses 'tt1375666' which is the correct tconst for 'Inception', but the prediction uses 'tt0944947' which refers to a different movie, making the value incorrect.",no,no
30651,2155,2,"lora-1.7b,qlora-1.7b",echantillon,non_derivable,,"What is the route information between Tunis and Sfax in Tunisia, measured in miles?","[{""name"": ""directions_between_2_locations"", ""arguments"": {""start_lon"": 10.18, ""end_lon"": 10.77, ""start_lat"": 36.8, ""end_lat"": 34.74, ""distance_unit"": ""mi""}}]","[{""name"": ""directions_between_2_locations"", ""description"": ""Returns information about the route between two locations, including distance, duration, and steps."", ""parameters"": {""start_lon"": {""description"": ""Longitude of the starting point (required)."", ""type"": ""int"", ""default"": ""10.7603483""}, ""end_lon"": {""description"": ""Longitude of the ending point (required)."", ""type"": ""int"", ""default"": ""10.103167361330975""}, ""start_lat"": {""description"": ""Latitude of the starting point (required)."", ""type"": ""int"", ""default"": ""34.797783""}, ""end_lat"": {""description"": ""Latitude of the ending point (required)."", ""type"": ""int"", ""default"": ""36.81395975""}, ""distance_unit"": {""description"": ""Unit of distance measurement, either 'km' (default) or 'mi'."", ""type"": ""str, optional"", ""default"": ""km""}}}, {""name"": ""country_by_iso_code"", ""description"": ""Fetches information about a country using its 2-letter ISO code, localized to a specified language."", ""parameters"": {""iso_code"": {""description"": ""The 2-letter ISO country code."", ""type"": ""str"", ""default"": ""US""}, ""fields"": {""description"": ""A comma-delimited list of fields to include in the response. Defaults to None."", ""type"": ""str, optional"", ""default"": """"}, ""lang"": {""description"": ""The 2-letter ISO language code for localizing the country name. Defaults to 'en'."", ""type"": ""str, optional"", ""default"": ""en""}}}]","The prediction uses incorrect coordinates for Tunis and Sfax, which do not match the actual locations in Tunisia.","The prediction uses incorrect coordinates for Tunis and Sfax, likely mixing up the cities or using wrong values, and does not match the intended route between Tunis and Sfax.",no,no
33129,2247,2,"lora-1.7b,qlora-1.7b",echantillon,non_derivable,,Retrieve the top 50 markets for Bitcoin and Ethereum.,"[{""name"": ""get_markets_of_coin"", ""arguments"": {""is_id"": 80}}, {""name"": ""get_markets_of_coin"", ""arguments"": {""is_id"": 1027}}]","[{""name"": ""historical_rates"", ""description"": ""Gets historical currency exchange rates for a given date and base currency."", ""parameters"": {""date"": {""description"": ""The date for which to request the exchange rates, formatted as 'YYYY-MM-DD'. Defaults to '2020-01-01'."", ""type"": ""str"", ""default"": ""2020-01-01""}, ""base"": {""description"": ""The base currency code for the exchange rates. Defaults to 'eur'."", ""type"": ""str"", ""default"": ""eur""}}}, {""name"": ""ticker_changes"", ""description"": ""Fetches ticker values and price changes for a specified market and symbol using the RapidAPI service."", ""parameters"": {""market"": {""description"": ""The market to query. Possible values include 'global' and 'local'."", ""type"": ""str"", ""default"": ""local""}, ""symbol"": {""description"": ""The trading pair symbol to query. Possible values include 'ETH<fiat>', where <fiat> is a valid ISO currency code (e.g., 'ETHUSD')."", ""type"": ""str"", ""default"": ""ETHUSD""}}}, {""name"": ""get_markets_of_coin"", ""description"": ""Fetches the top 50 markets for a given cryptocurrency coin."", ""parameters"": {""is_id"": {""description"": ""The ID of the cryptocurrency coin."", ""type"": ""int"", ""default"": ""90""}}}]","The reference answer uses coin IDs 80 and 1027 for Bitcoin and Ethereum, but the request does not provide these IDs or a way to map Bitcoin and Ethereum to those IDs, making the reference not derivable; the prediction uses incorrect IDs (1 and 2) which do not correspond to Bitcoin and Ethereum.","The reference answer uses coin IDs 80 and 1027 for Bitcoin and Ethereum, but the prediction uses IDs 1 and 2, which do not correspond to the correct cryptocurrencies.",no,no
15763,2249,2,"lora-1.7b,qlora-1.7b",echantillon,non_derivable,,Retrieve fixtures for the Indian Premier League 2023.,"[{""name"": ""fixtures_by_series"", ""arguments"": {""series_id"": 54321}}]","[{""name"": ""fixtures_by_series"", ""description"": ""Fetches fixtures and results for a given cricket series using the RapidAPI service."", ""parameters"": {""series_id"": {""description"": ""The unique identifier for the cricket series."", ""type"": ""int"", ""default"": ""606""}}}]","The reference answer uses a series_id (54321) not mentioned or derivable from the request, making it not derivable; the prediction uses a different series_id (1000), which does not correspond to the Indian Premier League 2023 as requested.","The reference answer uses a series_id (54321) not mentioned in the request, making it not derivable; the prediction uses a different invalid series_id (1000000000) which does not correspond to IPL 2023.",no,no
56553,2350,2,"lora-1.7b,qlora-1.7b",echantillon,non_derivable,,"Is the following Sudoku board valid, and what is the area of a hexagon with vertices at (0, 0), (1, 1), (2, 0), (1, -1), (0, -2), and (-1, -1)?","[{""name"": ""is_valid_sudoku"", ""arguments"": {""board"": [[""5"", ""3"", ""."", ""."", ""7"", ""."", ""."", ""."", "".""], [""6"", ""."", ""."", ""1"", ""9"", ""5"", ""."", ""."", "".""], [""."", ""9"", ""8"", ""."", ""."", ""."", ""."", ""6"", "".""], [""8"", ""."", ""."", ""."", ""6"", ""."", ""."", ""."", ""3""], [""4"", ""."", ""."", ""8"", ""."", ""3"", ""."", ""."", ""1""], [""7"", ""."", ""."", ""."", ""2"", ""."", ""."", ""."", ""6""], [""."", ""6"", ""."", ""."", ""."", ""."", ""2"", ""8"", "".""], [""."", ""."", ""."", ""4"", ""1"", ""9"", ""."", ""."", ""5""], [""."", ""."", ""."", ""."", ""8"", ""."", ""."", ""7"", ""9""]]}}, {""name"": ""polygon_area_shoelace"", ""arguments"": {""vertices"": [[0, 0], [1, 1], [2, 0], [1, -1], [0, -2], [-1, -1], [0, 0]]}}]","[{""name"": ""is_valid_sudoku"", ""description"": ""Checks if a 9x9 Sudoku board is valid."", ""parameters"": {""board"": {""description"": ""The Sudoku board represented as a 2D list of strings."", ""type"": ""List[List[str]]""}}}, {""name"": ""polygon_area_shoelace"", ""description"": ""Calculates the area of a polygon using the shoelace formula."", ""parameters"": {""vertices"": {""description"": ""A list of polygon vertices represented as tuples (x, y)."", ""type"": ""List[Tuple[float, float]]""}}}]","The prediction uses a different Sudoku board not mentioned in the request, and the reference board cannot be derived from the request.","The reference answer includes a duplicate vertex [0, 0] at the end of the vertices list, which is not present in the prediction, making the values different.",no,no
45996,2351,2,"lora-1.7b,qlora-1.7b",echantillon,non_derivable,,Estimate the derivative of the function f(x) = x^2 + 3x - 4 at the point x = 2.,"[{""name"": ""numerical_derivative"", ""arguments"": {""x"": 2}}]","[{""name"": ""calculate_quarterly_dividend"", ""description"": ""Calculates the quarterly dividend per share based on the total dividend payout and the number of outstanding shares."", ""parameters"": {""total_dividend"": {""description"": ""The total dividend payout in USD."", ""type"": ""int""}, ""num_shares"": {""description"": ""The number of outstanding shares."", ""type"": ""int""}}}, {""name"": ""numerical_derivative"", ""description"": ""Estimates the derivative of a function at a given point using the central difference formula."", ""parameters"": {""function"": {""description"": ""The function to calculate the derivative of."", ""type"": ""Callable[[float], float]""}, ""x"": {""description"": ""The point at which to estimate the derivative."", ""type"": ""float""}}}, {""name"": ""triangle_area"", ""description"": ""Computes the area of a triangle given its base and height."", ""parameters"": {""base"": {""description"": ""The length of the base of the triangle."", ""type"": ""float""}, ""height"": {""description"": ""The height of the triangle."", ""type"": ""float""}}}]",The prediction omits the function argument which is required to define the function being differentiated.,"The reference answer is missing the 'function' argument, which is required to compute the derivative of the given function.",no,no
59498,2,1,lora-1.7b,ambigu,non_derivable,Ville absente de la requête,Get the weather forecast for the next 5 days and upcoming sports events in a specific location.,"[{""name"": ""local_weather_api"", ""arguments"": {""q"": ""London,uk"", ""num_of_days"": 5}}, {""name"": ""sports_api"", ""arguments"": {""q"": ""London,uk""}}]","[{""name"": ""air_quality_history"", ""description"": ""Fetches the past 24 hours of air quality observations for a specified geographic location."", ""parameters"": {""lat"": {""description"": ""Latitude of the location for which to retrieve air quality data."", ""type"": ""int"", ""default"": ""35.779""}, ""lon"": {""description"": ""Longitude of the location for which to retrieve air quality data."", ""type"": ""int"", ""default"": ""-78.638""}}}, {""name"": ""by_zip_code"", ""description"": ""Fetches weather data based on a given zip code using the Toolbench RapidAPI service."", ""parameters"": {""zip"": {""description"": ""The zip code for which to fetch the weather data. If the country is not specified, the search defaults to the USA."", ""type"": ""str"", ""default"": ""94040""}, ""lang"": {""description"": ""Language in which to receive the output. Defaults to None."", ""type"": ""str, optional"", ""default"": """"}, ""units"": {""description"": ""Units of measurement to use. Available options are 'standard', 'metric', and 'imperial'. If not specified, 'standard' units will be used by default. Defaults to None."", ""type"": ""str, optional"", ""default"": """"}}}, {""name"": ""local_weather_api"", ""description"": ""Fetches local weather data using the World Weather Online API."", ""parameters"": {""q"": {""description"": ""Location query (city name, town name, or geographic coordinates)."", ""type"": ""str"", ""default"": ""40.73,-73""}, ""tp"": {""description"": ""Time interval between weather updates (e.g., '1' for hourly updates). Defaults to None."", ""type"": ""str, optional"", ""default"": """"}, ""aqi"": {""description"": ""Whether to include Air Quality Index data ('yes' or 'no'). Defaults to 'yes'."", ""type"": ""str, optional"", ""default"": ""yes""}, ""format"": {""description"": ""Response format (e.g., 'json' or 'xml'). Defaults to None."", ""type"": ""str, optional"", ""default"": """"}, ""lang"": {""description"": ""Language for the output. Defaults to 'en'."", ""type"": ""str, optional"", ""default"": ""en""}, ""alerts"": {""description"": ""Whether to include weather alerts ('yes' or 'no'). Defaults to 'no'."", ""type"": ""str, optional"", ""default"": ""no""}, ""num_of_days"": {""description"": ""Number of days for the weather forecast. Defaults to 3."", ""type"": ""int, optional"", ""default"": ""3""}}}, {""name"": ""sports_api"", ""description"": ""Fetches a listing of all upcoming sports events for football, cricket, and golf in JSON format using the weatherapi-com RapidAPI service."", ""parameters"": {""q"": {""description"": ""The location query to search for sports events."", ""type"": ""str"", ""default"": ""London""}}}]","The reference answer uses 'London,uk' which is not mentioned in the request, making it not derivable; the prediction uses 'New York City' which also does not satisfy the unspecified location in the request.","The prediction uses 'London' while the reference uses 'London,uk', but both refer to the same location and would yield equivalent results.",no,yes
29670,77,1,lora-1.7b,ambigu,derivable,Ar-Rahman est bien la sourate 55. Le juge s'est trompé,Retrieve recitations for Surah Ar-Rahman by reciter ID 6.,"[{""name"": ""recitations_by_chapter_number"", ""arguments"": {""chapter_number"": 55, ""recitation_id"": 6}}]","[{""name"": ""recitations_by_chapter_number"", ""description"": ""Fetches a list of ayah recitations for a specific Surah (chapter) based on the given chapter number and recitation ID."", ""parameters"": {""chapter_number"": {""description"": ""The chapter (Surah) number for which to fetch the ayah recitations."", ""type"": ""int"", ""default"": """"}, ""recitation_id"": {""description"": ""The recitation ID to specify the reciter."", ""type"": ""int"", ""default"": """"}}}]","The prediction uses chapter_number 17, but Surah Ar-Rahman is chapter 55, not 17.","The prediction uses chapter_number 1, but Surah Ar-Rahman is chapter 55, not 1.",no,yes
5605,208,1,qlora-1.7b,ambigu,incertain,,How much is 150 XRP in EUR and what are the currency options for Microsoft?,"[{""name"": ""crypto_convert"", ""arguments"": {""is_from"": ""XRP"", ""to"": ""EUR"", ""amount"": ""150""}}, {""name"": ""currency_options"", ""arguments"": {""slug"": ""microsoft""}}]","[{""name"": ""crypto_convert"", ""description"": ""Converts a specified amount from one cryptocurrency to another using the RapidAPI service."", ""parameters"": {""is_from"": {""description"": ""The cryptocurrency to convert from (default is 'ETH')."", ""type"": ""str, optional"", ""default"": ""ETH""}, ""to"": {""description"": ""The cryptocurrency to convert to (default is 'BTC')."", ""type"": ""str, optional"", ""default"": ""BTC""}, ""amount"": {""description"": ""The amount of cryptocurrency to convert (default is '100')."", ""type"": ""str, optional"", ""default"": ""100""}}}, {""name"": ""currency_options"", ""description"": ""Fetches currency options data for a specified stock using the Investing Financial Stocks API."", ""parameters"": {""slug"": {""description"": ""The stock identifier slug to specify the stock for which currency options are to be retrieved."", ""type"": ""str"", ""default"": ""usd-jpy""}}}]","The prediction uses 'stock-microsoft' as the slug, which differs from the expected 'microsoft' value in the reference, leading to a potentially different API result.","The reference uses 'microsoft' as the slug, which is not derivable from the request, while the prediction uses 'MSFT', which is a valid but different identifier.",yes,no
25151,298,1,qlora-1.7b,ambigu,incertain,,"What's the weather forecast for the next 7 days in London, and for the same period in Sydney using the IATA airport code?","[{""name"": ""forecast_weather_api"", ""arguments"": {""q"": ""London"", ""days"": 7, ""dt"": null, ""lang"": null}}, {""name"": ""forecast_weather_api"", ""arguments"": {""q"": ""iata:SYD"", ""days"": 7, ""dt"": null, ""lang"": null}}]","[{""name"": ""forecast_weather_api"", ""description"": ""Fetches weather forecast and alerts from a weather API."", ""parameters"": {""q"": {""description"": ""Query parameter to specify the location. It can be:"", ""type"": ""str"", ""default"": ""London""}, ""days"": {""description"": ""Number of days of weather forecast required, with a default of 3 days."", ""type"": ""int, optional"", ""default"": ""3""}, ""dt"": {""description"": ""Specific date for the forecast in 'yyyy-MM-dd' format. Must be between today and the next 10 days."", ""type"": ""str, optional"", ""default"": """"}, ""lang"": {""description"": ""Desired language for the 'condition:text' field in the response."", ""type"": ""str, optional"", ""default"": """"}}}]","The prediction uses 'Sydney' instead of 'iata:SYD' as required by the request for the IATA airport code, and includes an unnecessary 'lang' parameter not specified in the reference.","The reference uses 'iata:SYD' for Sydney, while the prediction uses 'Sydney', which is not equivalent per the request's requirement to use the IATA airport code.",yes,no
26014,336,1,qlora-1.7b,ambigu,incertain,,"Is it possible for someone to attend all meetings if the intervals are [9:00, 10:30], [12:00, 13:00], [16:00, 18:00]? Also, what's the standard deviation of [1.5, 2.5, 3.5, 4.5, 5.5]?","[{""name"": ""can_attend_all_meetings"", ""arguments"": {""intervals"": [[9, 10.5], [12, 13], [16, 18]]}}, {""name"": ""std_deviation"", ""arguments"": {""numbers"": [1.5, 2.5, 3.5, 4.5, 5.5]}}]","[{""name"": ""calculate_standard_deviation"", ""description"": ""Calculates the standard deviation of a list of numbers."", ""parameters"": {""numbers"": {""description"": ""The list of numbers."", ""type"": ""List[Union[int, float]]""}}}, {""name"": ""expand_around_center"", ""description"": ""Helper function to expand around a center for finding palindromic substrings."", ""parameters"": {""s"": {""description"": ""The input string."", ""type"": ""str""}, ""left"": {""description"": ""The left index of the center."", ""type"": ""int""}, ""right"": {""description"": ""The right index of the center."", ""type"": ""int""}}}, {""name"": ""std_deviation"", ""description"": ""Calculates the standard deviation of a list of numbers."", ""parameters"": {""numbers"": {""description"": ""The list of numbers."", ""type"": ""List[float]""}}}, {""name"": ""can_attend_all_meetings"", ""description"": ""Determines if a person can attend all meetings given a list of meeting time intervals."", ""parameters"": {""intervals"": {""description"": ""A list of meeting time intervals, where each interval is represented as [start_time, end_time]."", ""type"": ""List[List[int]]""}}}]",The prediction matches the reference exactly in both tool calls and arguments.,"The prediction contains a different end time (13.5) for the second meeting interval compared to the request, which specified [12:00, 13:00].",yes,no
12953,356,1,qlora-1.7b,ambigu,derivable,,Retrieve LinkedIn data for Amazon Inc.,"[{""name"": ""get_company_data_by_linkedin_url"", ""arguments"": {""linkedin_url"": ""https://www.linkedin.com/company/amazon""}}]","[{""name"": ""get_company_data_by_linkedin_url"", ""description"": ""Fetch company data using a given LinkedIn URL via the ToolBench RapidAPI."", ""parameters"": {""linkedin_url"": {""description"": ""The LinkedIn URL of the company to retrieve data for."", ""type"": ""str"", ""default"": ""https://www.linkedin.com/company/apple/""}}}, {""name"": ""getpastevents"", ""description"": ""Fetches past Azure events from the specified page using the given RapidAPI key."", ""parameters"": {""page"": {""description"": ""The page number to fetch the past events from."", ""type"": ""int"", ""default"": ""1""}}}]","The prediction makes multiple calls including for unrelated companies, while the request only asks for LinkedIn data for Amazon Inc.","The prediction uses 'amazon-inc/' in the URL, which differs from the reference 'amazon', and the request does not specify the exact URL path, making the value incorrect.",yes,no
42567,377,1,lora-1.7b,ambigu,derivable,"[variante] texte libre composé à partir de la requête ; ""Southbank"" seul aussi valable",What are the autocomplete suggestions for the suburb 'Southbank' in Melbourne?,"[{""name"": ""auto_complete"", ""arguments"": {""query"": ""Southbank, Melbourne""}}]","[{""name"": ""auto_complete"", ""description"": ""Get autocomplete suggestions for a given query using the Realty-in-AU API."", ""parameters"": {""query"": {""description"": ""Any term or phrase you are familiar with. It can be an address or a keyword for which you want autocomplete suggestions."", ""type"": ""str"", ""default"": ""sydney""}}}]",The reference adds 'Melbourne' to the query which is not derivable from the request as it does not specify the city context explicitly.,"The prediction uses 'Southbank' alone, while the request specifies 'Southbank' in Melbourne, making the reference more precise and aligned with the query context.",no,yes
35884,399,1,lora-1.7b,ambigu,non_derivable,,"Get the field and field invite IDs for document 445566 and validate token 334455. Also, find the device asset information for identifier 'deviceQWE'.","[{""name"": ""get_field_and_field_invite_id"", ""arguments"": {""document_id"": ""445566""}}, {""name"": ""validate_a_token"", ""arguments"": {""is_id"": ""334455"", ""t"": ""<token_value>""}}, {""name"": ""get_device_asset_by_identifier"", ""arguments"": {""identifier"": ""deviceQWE""}}]","[{""name"": ""get_field_and_field_invite_id"", ""description"": ""Fetches the field and field invite IDs for a given document from the SignNow API."", ""parameters"": {""document_id"": {""description"": ""The ID of the document for which to retrieve field and field invite IDs."", ""type"": ""str"", ""default"": """"}}}, {""name"": ""get_role_ids"", ""description"": ""Retrieves details for a specific document from the signNow API."", ""parameters"": {""document_id"": {""description"": ""The unique identifier for the document."", ""type"": ""str"", ""default"": """"}}}, {""name"": ""validate_a_token"", ""description"": ""Validates a token or a link ID to check if it is valid."", ""parameters"": {""is_id"": {""description"": ""The identifier for either a token or a link."", ""type"": ""str"", ""default"": """"}, ""t"": {""description"": ""The actual token or link to validate."", ""type"": ""str"", ""default"": ""link""}}}, {""name"": ""get_device_asset_by_identifier"", ""description"": ""Fetches device asset information using a specified identifier from an external system via RapidAPI."", ""parameters"": {""identifier"": {""description"": ""The unique identifier for the device asset."", ""type"": ""str"", ""default"": ""71491234-A""}}}]",The reference contains '<token_value>' which is not provided in the request and cannot be derived from it.,"The prediction omits the 't' argument in 'validate_a_token', which is required according to the tool's parameters and present in the reference.",no,yes
41505,461,1,qlora-1.7b,ambigu,derivable,,Get world news in Chinese (both simplified and traditional).,"[{""name"": ""world"", ""arguments"": {""lr"": ""zh-CN""}}, {""name"": ""world"", ""arguments"": {""lr"": ""zh-TW""}}]","[{""name"": ""world"", ""description"": ""Fetches world news from Google News using the specified region and RapidAPI key."", ""parameters"": {""lr"": {""description"": ""The language and regional code to filter news, e.g., 'en-US'. Defaults to 'en-US'."", ""type"": ""str, optional"", ""default"": ""en-US""}}}]","The prediction matches the reference exactly in both tool calls and arguments, correctly fetching world news in both simplified and traditional Chinese.","The prediction makes only one call for Chinese news, but the request asks for both simplified and traditional Chinese news, requiring two calls.",yes,no
45108,548,1,qlora-1.7b,ambigu,derivable,,"Fetch 10 trending articles from Seeking Alpha API from January 1, 2022, until January 31, 2022.","[{""name"": ""articles_v2_list_trending"", ""arguments"": {""since"": 1640995200, ""until"": 1643673600, ""size"": 10}}]","[{""name"": ""articles_v2_list_trending"", ""description"": ""Fetches a list of trending articles from the Seeking Alpha API within a specified date range and limits the response size."", ""parameters"": {""since"": {""description"": ""Unix timestamp to filter articles from this date onwards. Use together with 'until' parameter to specify a date range."", ""type"": ""int, optional"", ""default"": """"}, ""until"": {""description"": ""Unix timestamp to filter articles up to this date. Use together with 'since' parameter to specify a date range."", ""type"": ""int, optional"", ""default"": """"}, ""size"": {""description"": ""Number of items per response (max 40). Defaults to 20."", ""type"": ""int, optional"", ""default"": ""20""}}}]","The prediction uses incorrect Unix timestamps that do not correspond to the requested date range of January 1 to January 31, 2022.","The prediction uses incorrect Unix timestamps for the date range, not matching the requested January 1-31, 2022 period.",yes,no
20001,567,1,lora-1.7b,ambigu,derivable,,Fetch news from the Guardian about technology in the UK.,"[{""name"": ""news"", ""arguments"": {""category"": ""technology"", ""country"": ""gb"", ""domain"": ""theguardian.com""}}]","[{""name"": ""get_individual_news_from_source_news"", ""description"": ""Fetches news about climate change from a specified news source."", ""parameters"": {""newspaperid"": {""description"": ""The ID of the newspaper from which to fetch news."", ""type"": ""str"", ""default"": ""guardian""}}}, {""name"": ""actors_get_awards_summary"", ""description"": ""Retrieves the awards summary for a specified actor or actress using the IMDb API."", ""parameters"": {""nconst"": {""description"": ""The unique identifier for the actor or actress, typically starting with \""nm\"" (e.g., 'nm0001667')."", ""type"": ""str"", ""default"": ""nm0001667""}}}, {""name"": ""news_latest_page"", ""description"": ""Fetches the latest news stories in chronological order, filtered by the specified page ID."", ""parameters"": {""page_id"": {""description"": ""The identifier for the specific news page to filter the stories."", ""type"": ""str"", ""default"": ""main""}}}, {""name"": ""get_news"", ""description"": ""Fetches news from the C\u00f4te d'Ivoire News API using various optional query parameters."", ""parameters"": {""page"": {""description"": ""The page number for pagination of news articles."", ""type"": ""str, optional"", ""default"": """"}, ""rank"": {""description"": ""The rank or order to filter the news articles."", ""type"": ""str, optional"", ""default"": """"}, ""search"": {""description"": ""Search keyword to filter the news articles."", ""type"": ""str, optional"", ""default"": """"}}}, {""name"": ""news"", ""description"": ""Fetch the latest and breaking news based on various optional filters such as language, country, category, and more."", ""parameters"": {""language"": {""description"": ""A comma-separated string of languages (maximum 5) to restrict the search to. Possible options include 'en', 'ar', 'jp', 'in', 'es', 'fr'."", ""type"": ""str, optional"", ""default"": """"}, ""country"": {""description"": ""A comma-separated string of 2-letter ISO 3166-1 countries (maximum 5) to restrict the search to. Possible options include 'us', 'gb', 'in', 'jp', 'ae', 'sa', 'au', 'ca'."", ""type"": ""str, optional"", ""default"": """"}, ""page"": {""description"": ""Page number to page through results if total results are greater than the page size."", ""type"": ""int, optional"", ""default"": """"}, ""category"": {""description"": ""A comma-separated string of categories (maximum 5) to restrict the search to. Possible options include 'top', 'business', 'science', 'technology', 'sports', 'health', 'entertainment'."", ""type"": ""str, optional"", ""default"": """"}, ""qintitle"": {""description"": ""Keywords or phrases to search for specifically in the news title."", ""type"": ""str, optional"", ""default"": """"}, ""q"": {""description"": ""Keywords or phrases to search for in both the news title and content. Note that the 'qintitle' and 'q' parameters cannot be used together in the same query."", ""type"": ""str, optional"", ""default"": """"}, ""domain"": {""description"": ""A comma-separated string of domains (maximum 5) to restrict the search to. Use the /domains endpoint to find top source IDs."", ""type"": ""str, optional"", ""default"": """"}}}, {""name"": ""actors_list_most_popular_celebs"", ""description"": ""Fetch the list of most popular celebrities from the online movie database API."", ""parameters"": {""currentcountry"": {""description"": ""The current country of the user. Accepts one of the following values: AR, AU, CA, CL, ES, DE, IT, MX, NZ, PT, ES, GB, US. Defaults to 'US'."", ""type"": ""str"", ""default"": ""US""}, ""purchasecountry"": {""description"": ""The country where the user typically makes purchases. Accepts one of the following values: US, GB, DE, IN, IT, FR, JP, CA, ES. Defaults to 'US'."", ""type"": ""str"", ""default"": ""US""}, ""homecountry"": {""description"": ""The home country of the user. Accepts one of the following values: US, GB, DE, IN, IT, FR, JP, CA, ES. Defaults to 'US'."", ""type"": ""str"", ""default"": ""US""}}}, {""name"": ""keyword"", ""description"": ""Retrieves \u201cMonthly Data\u201d and \u201cSearch count\u201d for a given keyword from the Targeted Keyword Trend API."", ""parameters"": {""keyword"": {""description"": ""The keyword to search data for."", ""type"": ""str"", ""default"": ""digital marketing""}}}]","The prediction uses a tool that does not support filtering by country or category, and cannot fulfill the request for UK technology news from the Guardian as specified.","The prediction uses the wrong tool; 'news_latest_page' does not support filtering by country or category like the 'news' tool, and 'UK' is not a valid page ID for technology news from the Guardian.",no,yes
38999,811,1,qlora-1.7b,ambigu,incertain,[format][incohérent] minutes depuis 9h00 ; même outil encodé en heures décimales ailleurs dans xLAM,"Determine if a person can attend all meetings scheduled from 9:00 AM to 10:00 AM, 10:30 AM to 11:30 AM, and 12:00 PM to 1:00 PM.","[{""name"": ""can_attend_all_meetings"", ""arguments"": {""intervals"": [[0, 60], [90, 150], [180, 240]]}}]","[{""name"": ""can_attend_all_meetings"", ""description"": ""Determines if a person can attend all meetings given a list of meeting time intervals."", ""parameters"": {""intervals"": {""description"": ""A list of meeting time intervals, where each interval is represented as [start_time, end_time]."", ""type"": ""List[List[int]]""}}}, {""name"": ""calculate_distance"", ""description"": ""Calculates the Euclidean distance between two points in n-dimensional space."", ""parameters"": {""point1"": {""description"": ""The coordinates of the first point."", ""type"": ""List[float]""}, ""point2"": {""description"": ""The coordinates of the second point."", ""type"": ""List[float]""}}}]","The prediction uses different time values (in hours) compared to the reference which uses minutes, leading to different input formats for the same meeting times.","The reference uses minutes since midnight but the request does not provide enough information to derive those exact values, and the prediction uses hours that do not match the required format or meaning of the intervals.",yes,no
39278,822,1,lora-1.7b,ambigu,non_derivable,,I have a circle with a radius of π meters. What is its area?,"[{""name"": ""circle_area"", ""arguments"": {""radius"": ""math.pi""}}]","[{""name"": ""circle_area"", ""description"": ""Computes the area of a circle given its radius."", ""parameters"": {""radius"": {""description"": ""The radius of the circle."", ""type"": ""float""}}}]","The prediction uses 3.14 as the radius, which is an approximation of π, but the request specifies the radius is exactly π meters, so the value should reflect that precision.","Both predictions use the symbol for pi correctly, with equivalent representations.",no,yes
47177,827,1,qlora-1.7b,ambigu,derivable,,What is the liquidity value of Uniswap in USD?,"[{""name"": ""get_liquidity_value"", ""arguments"": {""symbol"": ""UNI""}}]","[{""name"": ""get_liquidity_value"", ""description"": ""Retrieves the liquidity value of a specified cryptocurrency in US Dollars."", ""parameters"": {""symbol"": {""description"": ""The ticker symbol of the cryptocurrency."", ""type"": ""str"", ""default"": ""BTC""}}}]",The prediction matches the reference in substance and correctly uses the tool with the appropriate symbol for Uniswap.,"The prediction uses 'USDC' as the symbol, which does not match the request for Uniswap's liquidity value, correctly identified by the symbol 'UNI' in the reference.",yes,no
14384,928,1,qlora-1.7b,ambigu,incertain,"[format] nom de champ propre à l'API ; le défaut (-breedName) suggère un préfixe ""-"" que la référence ne suit pas",What are the most popular cat breeds based on the number of registrations?,"[{""name"": ""order_by_descending"", ""arguments"": {""ordering"": ""registrations""}}]","[{""name"": ""order_by_descending"", ""description"": ""Fetches a list of resources from the Cat Breed Database API sorted in descending order based on the provided ordering parameter."", ""parameters"": {""ordering"": {""description"": ""The criterion by which to sort the list in descending order."", ""type"": ""str"", ""default"": ""-breedName""}}}]","The prediction matches the reference exactly in tool name and arguments, correctly addressing the request to list cat breeds by registration count in descending order.","The prediction uses 'numRegistrations' which does not match the criterion implied by the request and differs from the reference 'registrations', with no indication either is valid per the API.",yes,no
6862,1142,1,qlora-1.7b,ambigu,non_derivable,"[inventé][placeholder] secret/token factices (mysecret, mytoken) ; action ""get_orders"" contraire au défaut ""orders_list""","Can you fetch the latest orders with status 'pending' for the email 'john@example.com' and retrieve the details of order ID '12345'? Also, list the categories available on AliExpress for the US market.","[{""name"": ""listoforders"", ""arguments"": {""cache_control"": ""no-cache"", ""content_type"": ""application/json"", ""secret"": ""mysecret"", ""token"": ""mytoken"", ""e_mail"": ""john@example.com"", ""action"": ""get_orders"", ""status"": ""pending""}}, {""name"": ""get_order"", ""arguments"": {""is_id"": ""12345""}}, {""name"": ""categories"", ""arguments"": {""country"": ""US""}}]","[{""name"": ""listoforders"", ""description"": ""Fetches a list of orders from the marketplace API based on the given parameters."", ""parameters"": {""cache_control"": {""description"": ""Cache control directive for the request."", ""type"": ""str"", ""default"": ""no-cache""}, ""content_type"": {""description"": ""Content type of the request."", ""type"": ""str"", ""default"": ""application/json""}, ""secret"": {""description"": ""Secret key for authentication with the API."", ""type"": ""str"", ""default"": """"}, ""token"": {""description"": ""Token for authentication with the API."", ""type"": ""str"", ""default"": """"}, ""e_mail"": {""description"": ""Email address associated with the API request."", ""type"": ""str"", ""default"": """"}, ""action"": {""description"": ""Action parameter specifying the type of request."", ""type"": ""str"", ""default"": ""orders_list""}, ""status"": {""description"": ""Status filter for the orders to be retrieved."", ""type"": ""str"", ""default"": """"}}}, {""name"": ""get_order"", ""description"": ""Retrieves the details of an order by making a GET request to the RapidAPI store."", ""parameters"": {""is_id"": {""description"": ""The ID of the order to retrieve."", ""type"": ""str"", ""default"": """"}}}, {""name"": ""categories"", ""description"": ""Fetches categories from the AliExpress unofficial API, optionally filtered by locale and country."", ""parameters"": {""locale"": {""description"": ""The locale to filter categories by. Defaults to None."", ""type"": ""str, optional"", ""default"": """"}, ""country"": {""description"": ""The country to filter categories by. Defaults to None."", ""type"": ""str, optional"", ""default"": """"}}}, {""name"": ""posts"", ""description"": ""Fetches posts of a creator from the Patreon API using the given parameters."", ""parameters"": {""creator_id"": {""description"": ""The ID of the creator whose posts are to be fetched."", ""type"": ""int"", ""default"": ""2416483""}, ""cursor"": {""description"": ""The cursor for pagination to the next page of results. Defaults to None."", ""type"": ""str, optional"", ""default"": """"}, ""amount"": {""description"": ""The number of posts to return. Defaults to 10. Maximum is 500."", ""type"": ""int, optional"", ""default"": ""10""}}}]","The prediction uses different values for 'secret' and 'token' compared to the reference, which could lead to authentication failure even though the structure and other arguments match.","The reference includes a call to 'categories' with country 'US', which cannot be derived from the request as the market 'US' was not specified in the user's request.",yes,no
43012,1213,1,qlora-1.7b,ambigu,non_derivable,"[contresens] ""in Tokyo"" (lieu) interprété comme datum=tokyo (système géodésique) ; défaut wgs84 attendu","Find the address information for the coordinates (35.6803, 139.7671) in Tokyo using the Navitime Geocoding API.","[{""name"": ""address_reverse_geocoding"", ""arguments"": {""coord"": ""35.6803,139.7671"", ""datum"": ""tokyo"", ""coord_unit"": ""degree""}}]","[{""name"": ""address_reverse_geocoding"", ""description"": ""Reverse geocoding to obtain address information for given coordinates."", ""parameters"": {""coord"": {""description"": ""Latitude and longitude coordinates in a comma-separated format."", ""type"": ""str"", ""default"": ""35.624822,139.742121""}, ""datum"": {""description"": ""Geodetic system of the latitude and longitude coordinates."", ""type"": ""str, optional"", ""default"": ""wgs84""}, ""coord_unit"": {""description"": ""Unit of the latitude and longitude coordinates."", ""type"": ""str, optional"", ""default"": ""degree""}}}]","The prediction matches the reference exactly in tool name and arguments, satisfying the request for address information using the given coordinates.","The reference uses 'datum': 'tokyo', which is not derivable from the request and contradicts the tool's default 'wgs84'.",yes,no
15369,1217,1,qlora-1.7b,ambigu,incertain,"[variante] 75000 = code générique de Paris, pas un vrai code postal (75001–75020) ; outil probablement US (défaut 90210)","I'm planning a trip to France and need to check the navigation tabs on SHEIN for French products. Also, I want to know the tax rate for Paris. Additionally, I'm looking for a specific book on Amazon with the ID 'B07K18L8ZV'. Lastly, I need details on an AliExpress item with ID 123456789, in Euros and for France.","[{""name"": ""navigations_get_tabs"", ""arguments"": {""language"": ""fr"", ""country"": ""FR"", ""currency"": ""EUR""}}, {""name"": ""tax_rate"", ""arguments"": {""zipcode"": ""75000""}}, {""name"": ""get_amazon_product_details"", ""arguments"": {""productid"": ""B07K18L8ZV""}}, {""name"": ""aliexpress_item_detail_2"", ""arguments"": {""itemid"": 123456789, ""currency"": ""EUR"", ""region"": ""FR""}}]","[{""name"": ""navigations_get_tabs"", ""description"": ""Fetches navigation tabs for a given language, country, and currency using the unofficial SHEIN API."", ""parameters"": {""language"": {""description"": ""The 2-letter language code. Defaults to 'en'."", ""type"": ""str"", ""default"": ""en""}, ""country"": {""description"": ""The 2-letter country code. Defaults to 'US'."", ""type"": ""str"", ""default"": ""US""}, ""currency"": {""description"": ""The 3-letter currency code. Defaults to 'USD'."", ""type"": ""str"", ""default"": ""USD""}}}, {""name"": ""tax_rate"", ""description"": ""Retrieve the tax rate for a given zip code using the Toolbench RapidAPI service."", ""parameters"": {""zipcode"": {""description"": ""The zip code for which to retrieve the tax rate."", ""type"": ""str"", ""default"": ""90210""}}}, {""name"": ""get_amazon_product_details"", ""description"": ""Fetches the details of an Amazon product using the provided product ID and RapidAPI key."", ""parameters"": {""productid"": {""description"": ""The ID of the product on Amazon for which details are to be fetched."", ""type"": ""str"", ""default"": ""B08N5R2GQW""}}}, {""name"": ""aliexpress_item_detail_2"", ""description"": ""Fetch detailed information for a specific AliExpress item."", ""parameters"": {""itemid"": {""description"": ""The AliExpress product ID."", ""type"": ""int"", ""default"": ""3256804591426248""}, ""currency"": {""description"": ""The currency in which to display the product price. Valid values are listed in the '**Currency List**' at the '**Base**' group endpoints."", ""type"": ""str, optional"", ""default"": """"}, ""region"": {""description"": ""The region to accurately get shipping costs and other promotions specific to a geographic location. Valid values are listed in the '**Country List**' at the '**Base**' group endpoints."", ""type"": ""str, optional"", ""default"": """"}, ""locale"": {""description"": ""The locale to display titles and other content in the selected language. Valid values are listed in the '**Locale List**' at the '**Base**' group endpoints."", ""type"": ""str, optional"", ""default"": """"}}}]","The prediction includes all required arguments and matches the reference in substance, with only an additional optional 'locale' argument that does not affect correctness.","The prediction uses an incorrect zipcode '75001' instead of '75000' and provides the wrong product ID to Amazon, using 123456789 instead of 'B07K18L8ZV'.",yes,no
4763,1399,1,qlora-1.7b,ambigu,non_derivable,"[inventé] league = ""1"" recopié de l'exemple ; aucune correspondance documentée avec la Premier League","Fetch daily football predictions for the English Premier League on August 14, 2022.","[{""name"": ""daily_predictions"", ""arguments"": {""league"": ""1"", ""date"": ""2022-08-14""}}]","[{""name"": ""results"", ""description"": ""Fetches the race results for a given date from the Greyhound Racing UK API."", ""parameters"": {""date"": {""description"": ""The date for which to retrieve race results in 'YYYY-MM-DD' format. Default is '2021-06-02'."", ""type"": ""str"", ""default"": ""2021-06-02""}}}, {""name"": ""daily_predictions"", ""description"": ""Fetches daily football predictions using various filters and pagination support."", ""parameters"": {""league"": {""description"": ""The league identifier for filtering predictions. Example: '1'."", ""type"": ""str, optional"", ""default"": """"}, ""page"": {""description"": ""The page number for pagination. Example: '1'."", ""type"": ""str, optional"", ""default"": ""1""}, ""market"": {""description"": ""The market type for filtering predictions. Example: '1X2', 'OU25', 'bts'."", ""type"": ""str, optional"", ""default"": """"}, ""date"": {""description"": ""The date for filtering predictions in the format 'YYYY-MM-DD'. Example: '2022-08-13'."", ""type"": ""str, optional"", ""default"": """"}}}, {""name"": ""players_at_position"", ""description"": ""Fetches all players at a specified position from the National Football Players API."", ""parameters"": {""position"": {""description"": ""The abbreviated position name to query players for (e.g., QB, RB, WR)."", ""type"": ""str"", ""default"": ""QB""}}}]","The prediction includes a 'market' argument not requested, altering the call's behavior compared to the reference.","The reference uses league '1' which is not mentioned in the request, making it not derivable; the prediction uses 'EPL' which is not the expected format per the tool description requiring a league identifier like '1'.",yes,no
13157,1411,1,qlora-1.7b,ambigu,derivable,"[variante] coordonnées de référence de Tokyo (Shinjuku) ; autres centres valables, précision variable","I need to find charging stations for my electric car near Tokyo, Japan within 75 miles.","[{""name"": ""get_stations"", ""arguments"": {""distance"": ""75"", ""longitude"": ""139.691706"", ""latitude"": ""35.689487""}}]","[{""name"": ""webcams_list_limit_limit_offset"", ""description"": ""Fetches a list of webcams with optional parameters for result slicing and localization."", ""parameters"": {""limit"": {""description"": ""Maximum number of webcams in the result list. The maximum allowable value is 50."", ""type"": ""int"", ""default"": """"}, ""offset"": {""description"": ""Offset for the first item in the result list. Defaults to 0."", ""type"": ""int, optional"", ""default"": ""0""}, ""lang"": {""description"": ""Language to localize the results. Defaults to 'en'."", ""type"": ""str, optional"", ""default"": ""en""}, ""show"": {""description"": ""Content fields to be listed in the response. Defaults to 'webcams:image,location'."", ""type"": ""str, optional"", ""default"": ""webcams:image,location""}}}, {""name"": ""get_stations"", ""description"": ""Retrieve the nearest electric vehicle charging stations within a specified distance."", ""parameters"": {""distance"": {""description"": ""The radius in miles to search for charging stations. Defaults to '100'."", ""type"": ""str, optional"", ""default"": ""100""}, ""longitude"": {""description"": ""The longitude coordinate for the search location. Defaults to '2.4379392'."", ""type"": ""str, optional"", ""default"": ""2.4379392""}, ""latitude"": {""description"": ""The latitude coordinate for the search location. Defaults to '44.351488'."", ""type"": ""str, optional"", ""default"": ""44.351488""}}}]",The prediction provides the same functional information as the reference with minor formatting differences in coordinate precision.,"The prediction provides valid coordinates near Tokyo and correct distance, satisfying the request despite minor coordinate differences from the reference.",yes,no
56480,1562,1,lora-1.7b,ambigu,derivable,"[variante] 13 = code ISO 3166-2 de Tokyo (JP-13), convention confirmée par le défaut abr = PH-ABR ; casse jp/JP","Could you provide me with the cities in the region of Tokyo, Japan?","[{""name"": ""get_cities"", ""arguments"": {""region_code"": ""13"", ""country_code"": ""JP""}}]","[{""name"": ""get_cities"", ""description"": ""Fetches a list of cities within a specified region of a country using the provided RapidAPI key."", ""parameters"": {""region_code"": {""description"": ""The code of the region for which to retrieve cities."", ""type"": ""str"", ""default"": ""abr""}, ""country_code"": {""description"": ""The code of the country which contains the region."", ""type"": ""str"", ""default"": ""ph""}}}]","The reference uses region_code '13' which is not mentioned or derivable from the request, making it not derivable; the prediction uses 'JP-T' which may be valid but differs from the expected region code format implied by the tool description.","The prediction uses 'JP' as the region_code, which is incorrect; the correct region_code for Tokyo is '13' as per the reference and typical ISO codes.",no,yes
57676,1653,1,lora-1.7b,ambigu,derivable,,List all flights currently operated by British Airways and Emirates. What's the ICAO code for these airlines?,"[{""name"": ""flights_list_by_airline"", ""arguments"": {""airline"": ""BAW""}}, {""name"": ""flights_list_by_airline"", ""arguments"": {""airline"": ""UAE""}}]","[{""name"": ""flights_list_by_airline"", ""description"": ""Retrieve a list of flights operated by a specified airline using the RapidAPI Flight Radar service."", ""parameters"": {""airline"": {""description"": ""The ICAO code of the airline whose flights are to be listed. This value can be obtained from the 'icao' field returned by the /airlines/list or /flights/detail endpoints, or the 'operator' field from the /flights/search endpoint."", ""type"": ""str"", ""default"": ""AXM""}}}]","The prediction uses 'BA' and 'EM' as ICAO codes, which are incorrect; the correct ICAO codes for British Airways and Emirates are 'BAW' and 'UAE', respectively.","The prediction uses incorrect ICAO codes formatted as IATA codes, which do not match the required ICAO format specified in the tool description.",no,yes
32124,1685,1,qlora-1.7b,ambigu,non_derivable,"[invalide] orig ""CIV"" au lieu de CIVC (codes BART à 4 lettres) ; is_id ""whistler_blackcomb"" alors que le défaut documenté est ""whistler-blackcomb""",What are the current ETDs from the Civic Center/UN Plaza station and the information about the Whistler Blackcomb resort?,"[{""name"": ""real_time_information"", ""arguments"": {""cmd"": ""etd"", ""orig"": ""CIV""}}, {""name"": ""resort_view"", ""arguments"": {""is_id"": ""whistler_blackcomb""}}]","[{""name"": ""real_time_information"", ""description"": ""Fetches real-time information from the BART API based on the provided command and origin station."", ""parameters"": {""cmd"": {""description"": ""Command parameter for the API request. Examples can be found at http://api.bart.gov/docs/overview/examples.aspx."", ""type"": ""str"", ""default"": ""etd""}, ""orig"": {""description"": ""Specifies the station by its abbreviation. A list of station abbreviations can be found at http://api.bart.gov/docs/overview/abbrev.aspx. Use 'ALL' to get all current ETDs."", ""type"": ""str"", ""default"": """"}}}, {""name"": ""resort_view"", ""description"": ""Fetches and returns information about a specific resort using the RapidAPI service."", ""parameters"": {""is_id"": {""description"": ""The ID of the resort to fetch information for."", ""type"": ""str"", ""default"": ""whistler-blackcomb""}}}]","The prediction uses 'CIVIC' as the origin station abbreviation, but the correct abbreviation for Civic Center/UN Plaza station is 'CIV', making the value incorrect.",The prediction uses station names and resort IDs that do not match the required format or values derivable from the tools' specifications.,yes,no
26171,1742,1,lora-1.7b,ambigu,derivable,"[variante] tout documenté ; casse volleyball/Volleyball (défaut ""Baseball"") ; filtre Russie impossible avec cet outil",I'm looking for the football competitions in Turkey and the moneyline odds for volleyball in Russia.,"[{""name"": ""competitions_list_default"", ""arguments"": {""domain"": ""com.tr""}}, {""name"": ""game_odds_by_category_schedule"", ""arguments"": {""category"": ""0"", ""sport"": ""volleyball""}}]","[{""name"": ""competitions_list_default"", ""description"": ""Retrieves the list of most popular competitions from the TransferMarket API for a specified domain."", ""parameters"": {""domain"": {""description"": ""The domain for which to list competitions. Can be one of the following: 'com', 'de', 'be', 'es', 'it', 'nl', 'pl', 'pt', 'com.tr', 'world'. Defaults to 'de'."", ""type"": ""str, optional"", ""default"": ""de""}}}, {""name"": ""game_odds_by_category_schedule"", ""description"": ""Fetches the schedule of game odds for a given sport and category from the sportsbook-odds API."", ""parameters"": {""category"": {""description"": ""The category of the odds. For example, 0 for moneylines, 1 for spreads, 2 for over/under, etc."", ""type"": ""str"", ""default"": ""0""}, ""sport"": {""description"": ""The sport for which to fetch the game odds schedule."", ""type"": ""str"", ""default"": ""Baseball""}}}]","The prediction uses 'tr' instead of 'com.tr' for the domain and requests football instead of volleyball for the odds, both contradicting the request.",The prediction requests football odds instead of volleyball odds as specified in the request.,no,yes
28686,1743,1,qlora-1.7b,ambigu,incertain,"[mémorisation] tt0068646 = vrai ID IMDb du Parrain, mais non déductible sans le connaître par cœur ; pas d'outil de recherche IMDb",I need the additional information for 'The Godfather' and the ID of 'Pulp Fiction'. Can you help with that?,"[{""name"": ""additional_title_details"", ""arguments"": {""imdbid"": ""tt0068646""}}, {""name"": ""get_id"", ""arguments"": {""q"": ""Pulp Fiction""}}]","[{""name"": ""additional_title_details"", ""description"": ""Fetch additional details for a movie or TV show based on its IMDb ID."", ""parameters"": {""imdbid"": {""description"": ""The IMDb ID of the movie or TV show."", ""type"": ""str"", ""default"": ""tt7286456""}}}, {""name"": ""get_id"", ""description"": ""Fetches the ID of a movie based on the given search query from the RapidAPI similar movies service."", ""parameters"": {""q"": {""description"": ""The search string for the movie title."", ""type"": ""str"", ""default"": ""titanic""}}}]",The prediction matches the reference exactly in both tool calls and arguments.,"The prediction uses an incorrect IMDb ID 'tt0071532' for 'The Godfather', which does not match the correct ID 'tt0068646' needed for the request.",yes,no
41702,1747,1,lora-1.7b,ambigu,derivable,,"Fetch the fights from previous Boxing events, with the results filtered by a specific fighter with ID 1234.","[{""name"": ""fights"", ""arguments"": {""sport"": ""boxing"", ""type"": ""previous"", ""fighter"": 1234}}]","[{""name"": ""ufc_fight_night_rozenstruik_vs_almeida_may_13_2023"", ""description"": ""Fetch details for UFC Fight Night: Rozenstruik vs. Almeida held on May 13, 2023."", ""parameters"": {""offset"": {""description"": ""The number of records to skip before starting to return results."", ""type"": ""int, optional"", ""default"": """"}, ""limit"": {""description"": ""The maximum number of records to return."", ""type"": ""int, optional"", ""default"": """"}}}, {""name"": ""fights"", ""description"": ""Fetches fights for either upcoming or previous events from the Spectation Sports Events API."", ""parameters"": {""outcome"": {""description"": ""The outcome of the fights to filter by. Defaults to None."", ""type"": ""str, optional"", ""default"": """"}, ""sport"": {""description"": ""The type of sport to filter the fights by. Defaults to None."", ""type"": ""str, optional"", ""default"": """"}, ""type"": {""description"": ""The type of fights to fetch (e.g., 'upcoming' or 'previous'). Defaults to 'upcoming'."", ""type"": ""str, optional"", ""default"": ""upcoming""}, ""category"": {""description"": ""The category or weight division of the fights. Defaults to None."", ""type"": ""str, optional"", ""default"": """"}, ""event"": {""description"": ""The ID of the event to fetch fights for. Defaults to None."", ""type"": ""int, optional"", ""default"": """"}, ""page"": {""description"": ""The page number of results to retrieve. Defaults to 1."", ""type"": ""int, optional"", ""default"": ""1""}, ""fighter"": {""description"": ""The ID of the fighter to fetch fights for. Defaults to None."", ""type"": ""int, optional"", ""default"": """"}}}, {""name"": ""nhl_score_board"", ""description"": ""Fetches the NHL scoreboard data for the specified date using the NHL API."", ""parameters"": {""day"": {""description"": ""The day of the desired scoreboard data."", ""type"": ""str"", ""default"": ""11""}, ""year"": {""description"": ""The year of the desired scoreboard data."", ""type"": ""str"", ""default"": ""2022""}, ""month"": {""description"": ""The month of the desired scoreboard data."", ""type"": ""str"", ""default"": ""05""}, ""limit"": {""description"": ""The maximum number of results to return. Defaults to '5'."", ""type"": ""str, optional"", ""default"": ""5""}}}]","The reference includes a 'sport' argument set to 'boxing', which is not present in the request and cannot be derived from it; additionally, the prediction incorrectly includes an 'event' argument with value 1234, which conflicts with the intent of filtering by fighter ID only.","The prediction matches the reference in substance, with the same tool and arguments.",no,yes
28370,1764,1,qlora-1.7b,ambigu,derivable,"[variante][incohérent] coordonnées canoniques (NYC : lat/lon de sources différentes, écart négligeable) ; type int déclaré mais défauts décimaux","Could you find the distance between New York City and Los Angeles in miles, and also search for 'Pizza Hut' locations near Central Park in New York?","[{""name"": ""measure_distance"", ""arguments"": {""lon2"": -118.243684, ""lat2"": 34.052235, ""lon1"": -73.935242, ""lat1"": 40.712776, ""unit"": ""mi""}}, {""name"": ""search_result"", ""arguments"": {""q"": ""Pizza Hut"", ""latitude"": ""40.782575"", ""longitude"": ""-73.966106""}}]","[{""name"": ""search_result"", ""description"": ""Fetches location search results based on a search query and optional latitude and longitude parameters."", ""parameters"": {""q"": {""description"": ""The search query string."", ""type"": ""str"", ""default"": ""pizza""}, ""latitude"": {""description"": ""Latitude to refine the search query. Defaults to '24.562394'."", ""type"": ""str, optional"", ""default"": ""24.562394""}, ""longitude"": {""description"": ""Longitude to refine the search query. Defaults to '73.7124675'."", ""type"": ""str, optional"", ""default"": ""73.7124675""}}}, {""name"": ""placebynameandstate"", ""description"": ""Retrieves the geographical boundaries of a place by its name and state in GeoJSON format."", ""parameters"": {""name"": {""description"": ""The full name of the place. Example: \""Madison\""."", ""type"": ""str"", ""default"": ""Madison""}, ""state"": {""description"": ""The state abbreviation where the place is located. Example: \""AL\""."", ""type"": ""str"", ""default"": ""AL""}}}, {""name"": ""search"", ""description"": ""Searches for a street or post code based on a query string."", ""parameters"": {""q"": {""description"": ""The query string used to search for a street or post code."", ""type"": ""str"", ""default"": ""Downing Street London""}, ""limit"": {""description"": ""The maximum number of results to return. Defaults to 10."", ""type"": ""int, optional"", ""default"": ""10""}}}, {""name"": ""measure_distance"", ""description"": ""Calculates the distance between two geographical locations using their latitude and longitude coordinates."", ""parameters"": {""lon2"": {""description"": ""Longitude of the second location."", ""type"": ""int"", ""default"": ""-17.447938""}, ""lat2"": {""description"": ""Latitude of the second location."", ""type"": ""int"", ""default"": ""14.693425""}, ""lon1"": {""description"": ""Longitude of the first location."", ""type"": ""int"", ""default"": ""-16.0755888102153""}, ""lat1"": {""description"": ""Latitude of the first location."", ""type"": ""int"", ""default"": ""14.14129815""}, ""unit"": {""description"": ""Unit of distance measurement. Valid options are 'km' (default), 'mi', 'ft', and 'yd'."", ""type"": ""str, optional"", ""default"": ""km""}}}]","The prediction uses different coordinates for Central Park and New York City than those in the reference, leading to inconsistent search locations.","The prediction uses incorrect coordinates for New York City and Los Angeles, and uses the wrong tool for searching Pizza Hut locations near Central Park.",yes,no
20031,1787,1,lora-1.7b,ambigu,derivable,[variante] null explicite équivalent à l'argument omis ; pas de paramètre de lieu pour Paris,I'm planning a weekend getaway to Paris and need to know what types of hotels are available. Can you list them?,"[{""name"": ""list_of_hotel_types"", ""arguments"": {""hotel_type_id"": null}}]","[{""name"": ""list_of_hotel_types"", ""description"": ""Returns hotel type names and their translations from the Booking.com API."", ""parameters"": {""hotel_type_id"": {""description"": ""The ID of the specific hotel type to query. Defaults to None."", ""type"": ""str, optional"", ""default"": """"}}}, {""name"": ""get_trip_plan"", ""description"": ""Generates a trip plan based on the number of days and destination provided."", ""parameters"": {""days"": {""description"": ""The number of days for the trip."", ""type"": ""int"", ""default"": ""3""}, ""destination"": {""description"": ""The destination for the trip."", ""type"": ""str"", ""default"": ""London,UK""}}}]","The reference answer uses null for hotel_type_id, but the prediction incorrectly provides 'Paris' as the hotel_type_id, which is not a valid ID and not derivable from the request.","The prediction provides a specific hotel_type_id '1' not mentioned in the request, while the request only asks for a list of hotel types without specifying an ID.",no,yes
36000,1826,1,qlora-1.7b,ambigu,derivable,"[variante] ""Berlin"" vs ""Berlin, Germany"", texte libre","Is the Queens Hotel in Berlin available for check-in on March 11, 2022, and check-out on March 13, 2022?","[{""name"": ""is_hotel_available"", ""arguments"": {""hotel"": ""Queens Hotel"", ""city"": ""Berlin, Germany"", ""checkin"": ""2022-03-11"", ""checkout"": ""2022-03-13""}}]","[{""name"": ""is_hotel_available"", ""description"": ""Checks the availability of a hotel for a given date range."", ""parameters"": {""hotel"": {""description"": ""The name of the hotel."", ""type"": ""str""}, ""city"": {""description"": ""The city where the hotel is located."", ""type"": ""str""}, ""checkin"": {""description"": ""The check-in date in the format \""YYYY-MM-DD\""."", ""type"": ""str""}, ""checkout"": {""description"": ""The check-out date in the format \""YYYY-MM-DD\""."", ""type"": ""str""}}}, {""name"": ""geocode_city"", ""description"": ""Retrieves the latitude and longitude coordinates of a given city using the Maps.co Geocoding API."", ""parameters"": {""city"": {""description"": ""The name of the city."", ""type"": ""str""}}}, {""name"": ""get_dna_sequence"", ""description"": ""Retrieves the DNA sequence for a given sequence ID from the NCBI Nucleotide database."", ""parameters"": {""sequence_id"": {""description"": ""The unique identifier for the DNA sequence."", ""type"": ""str"", ""default"": ""fasta""}, ""file_format"": {""description"": ""The format of the returned sequence. Allowed values: \""fasta\"" (default) or \""gb\""."", ""type"": ""str, optional""}, ""upstream_bases"": {""description"": ""The number of bases upstream of the sequence to include. Defaults to 0."", ""type"": ""int, optional"", ""default"": ""fasta""}}}, {""name"": ""assess_diabetes_risk"", ""description"": ""Assesses the risk of developing type 2 diabetes based on body mass index (BMI) and physical activity level."", ""parameters"": {""weight_lbs"": {""description"": ""Body weight in pounds."", ""type"": ""int""}, ""height_inches"": {""description"": ""Height in inches."", ""type"": ""int""}, ""activity"": {""description"": ""Physical activity level. Allowed values: \""sedentary\"", \""lightly active\"", \""moderately active\"", or \""very active\""."", ""type"": ""str""}}}]","The prediction uses 'Berlin' while the reference uses 'Berlin, Germany', but both refer to the same city and the tool can resolve the location with either.",The prediction correctly uses the available tool with accurate arguments matching the request; the reference adds 'Germany' which is not derivable from the request.,yes,no
49224,1955,1,qlora-1.7b,ambigu,non_derivable,[invalide] 7001 = Games > Action (sous-catégorie) ; Games = 6014,Can you generate a list of 10 random companies using the 'fake-data-generator1' API and also return the top 50 paid iPad apps in the 'Games' category from the US App Store?,"[{""name"": ""random_company"", ""arguments"": {""size"": 10}}, {""name"": ""top_paid_ipad_apps"", ""arguments"": {""category"": ""7001"", ""country"": ""us"", ""num"": 50}}]","[{""name"": ""random_company"", ""description"": ""Generates a list of fake companies using the specified RapidAPI endpoint."", ""parameters"": {""size"": {""description"": ""The number of fake companies to generate. Defaults to 5."", ""type"": ""int, optional"", ""default"": ""5""}}}, {""name"": ""top_paid_ipad_apps"", ""description"": ""Gets a list of the top paid iPad apps from the specified category and country."", ""parameters"": {""category"": {""description"": ""The App Store category for which to fetch the top paid iPad apps. Defaults to '6016'."", ""type"": ""str, optional"", ""default"": ""6016""}, ""country"": {""description"": ""The country code for which to fetch the top paid iPad apps. Defaults to 'us'."", ""type"": ""str, optional"", ""default"": ""us""}, ""lang"": {""description"": ""The language code for the response. Defaults to 'en'."", ""type"": ""str, optional"", ""default"": ""en""}, ""num"": {""description"": ""The number of results to return. Defaults to 100."", ""type"": ""int, optional"", ""default"": ""100""}}}]","The prediction uses category '6016' while the request specifies 'Games', which corresponds to category '7001' in the reference.","The reference uses category '7001' while the request specifies 'Games', which should be mapped correctly per API expectations.",yes,no
5198,2211,1,lora-1.7b,ambigu,non_derivable,"[inventé] sport_id 18 pour le rugby : aucune correspondance documentée ; season_id 2007 déductible (convention = année, défaut 2020)","What's the schedule for rugby on September 15, 2023, and the constructors from the 2007 F1 season?","[{""name"": ""schedule_by_date"", ""arguments"": {""date"": ""2023-09-15"", ""sport_id"": 18}}, {""name"": ""constructors"", ""arguments"": {""season_id"": 2007}}]","[{""name"": ""schedule_by_date"", ""description"": ""Fetches the event schedule for a given date and sport ID using the specified API key."", ""parameters"": {""date"": {""description"": ""The date for which the event schedule is requested, in 'YYYY-MM-DD' format."", ""type"": ""str"", ""default"": ""2022-05-11""}, ""sport_id"": {""description"": ""The ID of the sport for which the schedule is requested."", ""type"": ""int"", ""default"": ""1""}}}, {""name"": ""constructors"", ""description"": ""Fetches the list of constructors for a given Formula 1 season using the specified API key."", ""parameters"": {""season_id"": {""description"": ""The ID of the season for which to list constructors."", ""type"": ""int"", ""default"": ""2020""}}}]","The reference answer uses sport_id 18 for rugby, which is not derivable from the request as no sport ID is provided in the input.","The prediction omits the required 'sport_id' argument in the schedule_by_date call, which is necessary according to the tool description and present in the reference.",no,yes
59949,2265,1,qlora-1.7b,ambigu,incertain,"[requête] consignes contradictoires (48 h → coordonnées, mais ""by providing the city name"") ; coordonnées de Miami correctes","What is the weather forecast for the next 48 hours in Miami, FL, by providing the city name?","[{""name"": ""hourly_forecast_48_hours"", ""arguments"": {""latitude"": ""25.7617"", ""longitude"": ""-80.1918""}}]","[{""name"": ""hourly_forecast_48_hours"", ""description"": ""Fetches a 48-hour weather forecast for the specified latitude and longitude coordinates."", ""parameters"": {""latitude"": {""description"": ""The latitude coordinate for the forecast location."", ""type"": ""str"", ""default"": ""-22.95""}, ""longitude"": {""description"": ""The longitude coordinate for the forecast location."", ""type"": ""str"", ""default"": ""-43.21""}}}, {""name"": ""v1_weather"", ""description"": ""Fetches weather information from the API Ninjas Weather API endpoint."", ""parameters"": {""country"": {""description"": ""The country name."", ""type"": ""str, optional"", ""default"": """"}, ""lon"": {""description"": ""The longitude of the desired location. Must be supplied with the `lat` parameter."", ""type"": ""str, optional"", ""default"": """"}, ""zip"": {""description"": ""The 5-digit zip code (United States only)."", ""type"": ""int, optional"", ""default"": """"}, ""state"": {""description"": ""The US state (United States only)."", ""type"": ""str, optional"", ""default"": """"}, ""city"": {""description"": ""The city name. Defaults to 'Seattle'."", ""type"": ""str, optional"", ""default"": ""Seattle""}, ""lat"": {""description"": ""The latitude of the desired location. Must be supplied with the `lon` parameter."", ""type"": ""int, optional"", ""default"": """"}}}]","The prediction uses slightly different latitude coordinates but they are close enough to represent the same location, Miami, FL, and the tool call is appropriate for the request.","The prediction uses a 'city' argument which is not a valid parameter for the 'hourly_forecast_48_hours' tool, and does not provide the required latitude and longitude coordinates.",yes,no
13679,2288,1,lora-1.7b,ambigu,incertain,"[contresens][variante] ""movies"" (mot-clé) placé dans link (URL) faute de paramètre de recherche ; start 15 vs 14 selon l'indexation","What are the DNS MX records for 'facebook.com'? Also, find all file links related to 'movies' starting from the 15th result.","[{""name"": ""dns_lookup"", ""arguments"": {""domain"": ""facebook.com"", ""rtype"": ""MX""}}, {""name"": ""discover"", ""arguments"": {""type"": ""filelinks"", ""link"": ""movies"", ""start"": 15}}]","[{""name"": ""discover"", ""description"": ""Discover files using the FilePursuit API with optional filters for pagination, result type, and specific links."", ""parameters"": {""start"": {""description"": ""The starting point for result pagination."", ""type"": ""int, optional"", ""default"": """"}, ""type"": {""description"": ""The type of result to filter by. Accepted values are 'filelinks' and 'all'."", ""type"": ""str, optional"", ""default"": """"}, ""link"": {""description"": ""A specific link to discover files from."", ""type"": ""str, optional"", ""default"": """"}}}, {""name"": ""dns_lookup"", ""description"": ""Fetches DNS data for a given domain using the specified record type."", ""parameters"": {""domain"": {""description"": ""The domain to search for DNS records."", ""type"": ""str"", ""default"": ""google.com""}, ""rtype"": {""description"": ""The type of DNS record to fetch. Available records: A, PTR, MX, CNAME, TXT, NS."", ""type"": ""str"", ""default"": ""NS""}}}]","The reference answer includes 'link': 'movies' which is not derivable from the request as 'movies' is a search term, not a valid link.","The prediction omits the 'type' argument in the discover call, which is required by the request to filter by file links.",no,yes
42645,21,2,"lora-1.7b,qlora-1.7b",,,,Get the images of actor Brad Pitt and search for news about him in Arabic.,"[{""name"": ""actors_get_all_images"", ""arguments"": {""nconst"": ""nm0000093""}}, {""name"": ""search_news"", ""arguments"": {""keyword"": ""Brad Pitt"", ""language"": ""ar""}}]","[{""name"": ""actors_get_all_images"", ""description"": ""Returns all images of a specific actor or actress based on their unique identifier (nconst)."", ""parameters"": {""nconst"": {""description"": ""The unique identifier of the actor/actress. It typically starts with 'nm' followed by a series of numbers (e.g., 'nm0001667')."", ""type"": ""str"", ""default"": ""nm0001667""}}}, {""name"": ""kompas_search"", ""description"": ""Performs a search on the Kompas news API using the provided parameters."", ""parameters"": {""limit"": {""description"": ""The number of search results to retrieve."", ""type"": ""int"", ""default"": ""10""}, ""page"": {""description"": ""The page number to retrieve in the paginated results."", ""type"": ""int"", ""default"": ""1""}, ""command"": {""description"": ""The search command or keyword."", ""type"": ""str"", ""default"": ""banjir""}}}, {""name"": ""search_news"", ""description"": ""Search for news articles using a specified keyword and language."", ""parameters"": {""keyword"": {""description"": ""The keyword to search for in news articles."", ""type"": ""str"", ""default"": ""Joe Biden""}, ""language"": {""description"": ""The language of the news articles. Supported languages include:"", ""type"": ""str"", ""default"": """"}}}]","The reference uses nconst 'nm0000093' for Brad Pitt, which is not provided in the request and cannot be derived from it; the prediction uses a different incorrect nconst 'nm0000001'.","The reference uses an nconst value (nm0000093) not mentioned in the request, making it not derivable; the prediction uses a different nconst (nm0001667), which is incorrect for Brad Pitt.",no,no
11083,54,2,"lora-1.7b,qlora-1.7b",,,,"Flatten a deeply nested list with integers, strings, and other lists within lists.","[{""name"": ""flatten_list"", ""arguments"": {""nested_list"": [1, [""a"", [2, ""b""], 3], [4, [5, ""c""], 6]]}}]","[{""name"": ""flatten_list"", ""description"": ""Flattens a nested list into a single-level list."", ""parameters"": {""nested_list"": {""description"": ""The nested list to be flattened."", ""type"": ""List""}}}]","The prediction provides a deeply nested list not mentioned in the request, while the reference uses a specific mixed-type nested list; the request does not specify exact content to flatten.","The prediction provides a different nested list value than the one implied by the request, which does not specify a particular list to flatten.",no,no
15620,62,2,"lora-1.7b,qlora-1.7b",,,,Can you find the parental guide details for the movie 'Inception' and also for 'The Shawshank Redemption'? I'm curious about their content ratings.,"[{""name"": ""title_get_parental_guide"", ""arguments"": {""tconst"": ""tt1375666""}}, {""name"": ""title_get_parental_guide"", ""arguments"": {""tconst"": ""tt0111161""}}]","[{""name"": ""title_get_parental_guide"", ""description"": ""Fetches parental guide information for a specific movie from the online movie database."", ""parameters"": {""tconst"": {""description"": ""The unique identifier for the movie. It should start with 'tt' and can be obtained from the `/title/auto-complete` or `/title/find` endpoints. For example, 'tt0944947'."", ""type"": ""str"", ""default"": ""tt0944947""}}}]","The prediction uses 'tt0133093' for Inception, which is incorrect as the correct tconst for Inception is 'tt1375666'.","The prediction uses incorrect tconst values for the movies, not matching the requested films 'Inception' and 'The Shawshank Redemption'.",no,no
6014,102,2,"lora-1.7b,qlora-1.7b",,,,Fetch analyses for Microsoft Corp. stock until a specific date.,"[{""name"": ""analysis_list_deprecated"", ""arguments"": {""is_id"": ""MSFT"", ""until"": 1609459200}}]","[{""name"": ""convert"", ""description"": ""Converts a specified amount from one currency to another using an external API."", ""parameters"": {""to"": {""description"": ""The target currency code to convert to."", ""type"": ""str"", ""default"": ""usd""}, ""is_from"": {""description"": ""The base currency code to convert from."", ""type"": ""str"", ""default"": ""eur""}, ""amount"": {""description"": ""The amount of money to convert."", ""type"": ""str"", ""default"": ""11.34""}, ""date"": {""description"": ""The date for which to get the conversion rate, formatted as 'YYYY-MM-DD'. Defaults to '2020-01-01'."", ""type"": ""str, optional"", ""default"": ""2020-01-01""}}}, {""name"": ""analysis_list_deprecated"", ""description"": ""Fetches a list of analyses for a specified financial symbol using the Seeking Alpha API."", ""parameters"": {""is_id"": {""description"": ""The symbol to query for data. Only one symbol is allowed at a time."", ""type"": ""str"", ""default"": ""aapl""}, ""size"": {""description"": ""The number of items per response. Defaults to 20."", ""type"": ""int, optional"", ""default"": ""20""}, ""until"": {""description"": ""The value used to load the next page of data. This corresponds to the value of meta/page/minmaxPublishOn/min in the JSON response."", ""type"": ""int, optional"", ""default"": """"}}}]","The reference answer uses a timestamp (1609459200) that corresponds to a specific date not mentioned in the request, making it not derivable; the prediction uses a different timestamp (1618000000), which contradicts the reference and is not justified by the request.","The reference answer uses a timestamp (1609459200) that corresponds to a specific date not mentioned in the request, making it not derivable; the prediction uses a different timestamp (1618034720), which contradicts the request's intent for a specific date.",no,no
57196,116,2,"lora-1.7b,qlora-1.7b",,,,"Retrieve the field and field invite IDs for document 998877 and validate token 887766. Also, find the device asset information for identifier 'deviceZXC'.","[{""name"": ""get_field_and_field_invite_id"", ""arguments"": {""document_id"": ""998877""}}, {""name"": ""validate_a_token"", ""arguments"": {""is_id"": ""887766"", ""t"": ""<token_value>""}}, {""name"": ""get_device_asset_by_identifier"", ""arguments"": {""identifier"": ""deviceZXC""}}]","[{""name"": ""get_field_and_field_invite_id"", ""description"": ""Fetches the field and field invite IDs for a given document from the SignNow API."", ""parameters"": {""document_id"": {""description"": ""The ID of the document for which to retrieve field and field invite IDs."", ""type"": ""str"", ""default"": """"}}}, {""name"": ""get_role_ids"", ""description"": ""Retrieves details for a specific document from the signNow API."", ""parameters"": {""document_id"": {""description"": ""The unique identifier for the document."", ""type"": ""str"", ""default"": """"}}}, {""name"": ""validate_a_token"", ""description"": ""Validates a token or a link ID to check if it is valid."", ""parameters"": {""is_id"": {""description"": ""The identifier for either a token or a link."", ""type"": ""str"", ""default"": """"}, ""t"": {""description"": ""The actual token or link to validate."", ""type"": ""str"", ""default"": ""link""}}}, {""name"": ""get_device_asset_by_identifier"", ""description"": ""Fetches device asset information using a specified identifier from an external system via RapidAPI."", ""parameters"": {""identifier"": {""description"": ""The unique identifier for the device asset."", ""type"": ""str"", ""default"": ""71491234-A""}}}]",The reference contains '<token_value>' which is not provided in the request and cannot be derived from it.,The reference contains '<token_value>' which is not provided in the request and cannot be derived from it.,no,no
58701,242,2,"lora-1.7b,qlora-1.7b",,,,"Get the album details of an artist from their Spotify URL and fetch the Artist 100 chart data for the week starting on July 10, 2021.","[{""name"": ""get_artist_s_albums"", ""arguments"": {""spotify_url"": ""https://open.spotify.com/artist/57dLs9mCauwT2KD3EbJ4Sh""}}, {""name"": ""artist_100"", ""arguments"": {""week"": ""2021-07-10""}}]","[{""name"": ""get_artist_s_albums"", ""description"": ""Fetches and returns basic details about the albums of an artist from a given Spotify URL."", ""parameters"": {""spotify_url"": {""description"": ""The URL of the artist's Spotify page."", ""type"": ""str"", ""default"": ""https://open.spotify.com/artist/1nIUhcKHnK6iyumRyoV68C""}}}, {""name"": ""artist_100"", ""description"": ""Fetches the Billboard Artist 100 chart data for a specified week."", ""parameters"": {""week"": {""description"": ""The week for which to fetch the chart data in 'YYYY-MM-DD' format. Defaults to the most recent week."", ""type"": ""str"", ""default"": ""2022-10-08""}}}]","The prediction correctly uses the tools to get album details from a Spotify URL and fetches the Artist 100 chart data for the specified week, matching the request's intent.","The prediction correctly uses the tools to get album details from a Spotify URL and fetches the Artist 100 chart for July 10, 2021; the reference uses a different Spotify URL not mentioned in the request, making it not derivable.",no,no
21723,266,2,"lora-1.7b,qlora-1.7b",,,,Could you check the latest price for Stellar?,"[{""name"": ""get_all_coins_prices"", ""arguments"": {""is_id"": ""XLM""}}]","[{""name"": ""get_all_coins_prices"", ""description"": ""Fetches the current price and rate change information for a specified cryptocurrency identifier."", ""parameters"": {""is_id"": {""description"": ""The identifier of the cryptocurrency for which to fetch price and rate change information."", ""type"": ""str"", ""default"": ""BTC""}}}]","The reference uses 'XLM' as the cryptocurrency identifier, which is not derivable from the request mentioning 'Stellar', and the prediction uses 'STELLAR', which is not the correct identifier expected by the tool.","The reference uses 'XLM' as the cryptocurrency identifier, which is not derivable from the request mentioning 'Stellar', while the prediction uses 'STELLAR', which is incorrect as the tool expects the identifier 'XLM'.",no,no
26513,315,2,"lora-1.7b,qlora-1.7b",,,,Could you please check if there are any races happening on the 5th of June this year? I'm curious about the schedule.,"[{""name"": ""racecards"", ""arguments"": {""date"": ""2023-06-05""}}]","[{""name"": ""racecards"", ""description"": ""Fetches the list of races for a given date from the Greyhound Racing UK API."", ""parameters"": {""date"": {""description"": ""The date for which to fetch the racecards in 'YYYY-MM-DD' format. Defaults to '2021-06-05' if not provided."", ""type"": ""str"", ""default"": ""2021-06-05""}}}]","The prediction uses a hardcoded default date (2021-06-05) instead of the current year's date for June 5th, which does not satisfy the request for this year's races.","The reference uses a date (2023-06-05) not mentioned in the request, which only refers to 'the 5th of June this year' without specifying the year, making it undeterminable from the request alone.",no,no
58544,392,2,"lora-1.7b,qlora-1.7b",,,,Is the Royal Hotel in Paris available from 2022-04-04 to 2022-04-09?,"[{""name"": ""is_hotel_available"", ""arguments"": {""hotel"": ""Royal Hotel"", ""city"": ""Paris, France"", ""checkin"": ""2022-04-04"", ""checkout"": ""2022-04-09""}}]","[{""name"": ""is_leap_year"", ""description"": ""Checks if a year is a leap year."", ""parameters"": {""year"": {""description"": ""The year to check."", ""type"": ""int""}}}, {""name"": ""reserve_hotel_room"", ""description"": ""Reserves a hotel room with the specified details."", ""parameters"": {""room_type"": {""description"": ""The type of room to reserve."", ""type"": ""str""}, ""nightly_rate"": {""description"": ""The nightly rate for the room."", ""type"": ""float""}, ""checkin_date"": {""description"": ""The check-in date in the format 'YYYY-MM-DD'."", ""type"": ""str""}, ""checkout_date"": {""description"": ""The check-out date in the format 'YYYY-MM-DD'."", ""type"": ""str""}, ""guest_id"": {""description"": ""The unique identifier for the guest."", ""type"": ""str""}, ""promo_code"": {""description"": ""A promotional code for a discount. Defaults to None."", ""type"": ""str, optional""}}}, {""name"": ""simulate_query_database"", ""description"": ""Simulates querying a database based on certain conditions."", ""parameters"": {""table"": {""description"": ""Name of the table to query."", ""type"": ""str""}, ""conditions"": {""description"": ""Conditions for the query, each condition is a dictionary."", ""type"": ""list""}}}, {""name"": ""is_hotel_available"", ""description"": ""Checks the availability of a hotel for a given date range."", ""parameters"": {""hotel"": {""description"": ""The name of the hotel."", ""type"": ""str""}, ""city"": {""description"": ""The city where the hotel is located."", ""type"": ""str""}, ""checkin"": {""description"": ""The check-in date in the format \""YYYY-MM-DD\""."", ""type"": ""str""}, ""checkout"": {""description"": ""The check-out date in the format \""YYYY-MM-DD\""."", ""type"": ""str""}}}]",The prediction correctly uses the available tool and arguments to check hotel availability as per the request; the reference adds 'France' to the city which is not derivable from the request.,The prediction correctly uses the available tool and arguments to check hotel availability as per the request; the reference adds 'France' to the city which is not derivable from the request.,no,no
32131,437,2,"lora-1.7b,qlora-1.7b",,,,"Get the weather report for New York, USA in imperial units and English language.","[{""name"": ""by_zip_code"", ""arguments"": {""zip"": ""10001,US"", ""lang"": ""en"", ""units"": ""imperial""}}]","[{""name"": ""by_zip_code"", ""description"": ""Fetches weather data based on a given zip code using the Toolbench RapidAPI service."", ""parameters"": {""zip"": {""description"": ""The zip code for which to fetch the weather data. If the country is not specified, the search defaults to the USA."", ""type"": ""str"", ""default"": ""94040""}, ""lang"": {""description"": ""Language in which to receive the output. Defaults to None."", ""type"": ""str, optional"", ""default"": """"}, ""units"": {""description"": ""Units of measurement to use. Available options are 'standard', 'metric', and 'imperial'. If not specified, 'standard' units will be used by default. Defaults to None."", ""type"": ""str, optional"", ""default"": """"}}}]","The reference uses zip code '10001,US' which is not mentioned in the request and cannot be derived from 'New York, USA' without external lookup.",The prediction satisfies the request with correct tool and arguments; the reference contains a zip code not derivable from the request.,no,no
24189,444,2,"lora-1.7b,qlora-1.7b",,,,"Can you list the issuance blockchains for Bitcoin and Ethereum? Also, provide the list of cryptocurrency exchanges in JSON format.","[{""name"": ""get_coin_issuance_blockchains"", ""arguments"": {""uuid"": ""1"", ""offset"": 0, ""limit"": 50}}, {""name"": ""get_coin_issuance_blockchains"", ""arguments"": {""uuid"": ""2"", ""offset"": 0, ""limit"": 50}}, {""name"": ""crypto_exchanges"", ""arguments"": {""format"": ""json""}}]","[{""name"": ""get_coin_issuance_blockchains"", ""description"": ""Fetches the issuance blockchains for a given coin using the CoinRanking API."", ""parameters"": {""uuid"": {""description"": ""UUID of the coin for which the blockchains are being requested."", ""type"": ""str"", ""default"": ""Qwsogvtv82FCd""}, ""offset"": {""description"": ""Pagination offset. Default is 0."", ""type"": ""int, optional"", ""default"": ""0""}, ""limit"": {""description"": ""Maximum number of results to return. Default is 50, with a valid range of 0-100."", ""type"": ""int, optional"", ""default"": ""50""}}}, {""name"": ""crypto_exchanges"", ""description"": ""Fetches the list of cryptocurrency exchanges available at Twelve Data API."", ""parameters"": {""format"": {""description"": ""The desired response format. Acceptable values are 'json' (default) and 'csv'."", ""type"": ""str"", ""default"": ""json""}}}]","The reference uses UUIDs '1' and '2' which are not mentioned or derivable from the request, making it not derivable; the prediction uses 'bitcoin' and 'ethereum' as UUIDs, but the tool expects UUIDs, not names, so the values are incorrect.","The reference uses UUIDs '1' and '2' which are not mentioned or derivable from the request, making it not derivable; the prediction uses 'bitcoin' and 'ethereum' as UUIDs, which are invalid since the tool expects UUIDs, not names.",no,no
14866,514,2,"lora-1.7b,qlora-1.7b",,,,Provide all naked bike models from Ducati produced in 2021.,"[{""name"": ""models_by_make_id_year_category"", ""arguments"": {""year"": 2021, ""category"": ""Naked"", ""make"": 5}}]","[{""name"": ""models_by_make_id_year_category"", ""description"": ""Retrieves motorcycle models based on year, category, and make ID."", ""parameters"": {""year"": {""description"": ""The year of the motorcycle models to retrieve."", ""type"": ""int"", ""default"": ""2015""}, ""category"": {""description"": ""The category of the motorcycle models to retrieve."", ""type"": ""str"", ""default"": ""Sport""}, ""make"": {""description"": ""The make ID of the motorcycle models to retrieve."", ""type"": ""int"", ""default"": ""100""}}}]","The reference uses make ID 5, which is not mentioned in the request and cannot be derived from it; the prediction uses make ID 100, which is the default but may not correspond to Ducati.","The reference uses make ID 5, which is not mentioned in the request and cannot be derived from it; the prediction uses make ID 100, which is the default but may not correspond to Ducati.",no,no
12545,529,2,"lora-1.7b,qlora-1.7b",,,,Please provide the roster for the Miami Dolphins and predictions for the next weekend's games in any league.,"[{""name"": ""team_roster"", ""arguments"": {""team"": ""MIA""}}, {""name"": ""daily_predictions"", ""arguments"": {""date"": ""2023-04-08""}}]","[{""name"": ""team_roster"", ""description"": ""Fetches and returns the roster for a specified football team using the RapidAPI service."", ""parameters"": {""team"": {""description"": ""The abbreviation of the football team (e.g., BUF, NE, MIA)."", ""type"": ""str"", ""default"": ""NE""}}}, {""name"": ""matchdetails"", ""description"": ""Retrieve handball match details by match ID."", ""parameters"": {""is_id"": {""description"": ""The ID of the match to retrieve information for."", ""type"": ""int"", ""default"": 10485769}}}, {""name"": ""daily_predictions"", ""description"": ""Fetches daily football predictions using various filters and pagination support."", ""parameters"": {""league"": {""description"": ""The league identifier for filtering predictions. Example: '1'."", ""type"": ""str, optional"", ""default"": """"}, ""page"": {""description"": ""The page number for pagination. Example: '1'."", ""type"": ""str, optional"", ""default"": ""1""}, ""market"": {""description"": ""The market type for filtering predictions. Example: '1X2', 'OU25', 'bts'."", ""type"": ""str, optional"", ""default"": """"}, ""date"": {""description"": ""The date for filtering predictions in the format 'YYYY-MM-DD'. Example: '2022-08-13'."", ""type"": ""str, optional"", ""default"": """"}}}]","The reference answer uses a date '2023-04-08' that is not mentioned in the request and cannot be derived from it, making the reference not fully derivable; the prediction provides league and market filters not requested and omits the date, so it does not match the request's intent for next weekend's games.","The prediction uses a date (2022-08-14) that does not match the request's implied upcoming weekend context, while the reference date (2023-04-08) is also not derivable from the request.",no,no
39328,572,2,"lora-1.7b,qlora-1.7b",,,,I want to know the playlists where the artist 'Ed Sheeran' has been discovered. Can you help me with that?,"[{""name"": ""artist_discovered_on"", ""arguments"": {""is_id"": ""2cb6ahRovF3jebf3a81D5S""}}]","[{""name"": ""albums_get_details"", ""description"": ""Fetch detailed information of an album using the Shazam API."", ""parameters"": {""is_id"": {""description"": ""The ID of the album. This value can be obtained from the 'id' field returned in /shazam-songs/get-details, /artists/get-albums, /artists/get-summary, /artists/get-latest-release, or from the 'albumadamid' field in /songs/v2/detect, /songs/detect endpoints."", ""type"": ""str"", ""default"": ""850576570""}, ""l"": {""description"": ""The language code for the details. Defaults to 'en-US'."", ""type"": ""str, optional"", ""default"": ""en-US""}}}, {""name"": ""billboard_global_excl_us"", ""description"": ""Fetches the Billboard Global Excl. US chart for a specified date using the RapidAPI service."", ""parameters"": {""date"": {""description"": ""The date for which to retrieve the Billboard Global Excl. US chart, formatted as 'YYYY-MM-DD'. Available data starts from September 19, 2020."", ""type"": ""str"", ""default"": ""2020-09-19""}}}, {""name"": ""artist_albums"", ""description"": ""Fetches all albums of a given Spotify artist using the RapidAPI service."", ""parameters"": {""artist_id"": {""description"": ""The Spotify ID of the artist whose albums are to be fetched."", ""type"": ""str"", ""default"": ""52wBYviD0Fnactl1q7ibdT""}}}, {""name"": ""artist_albums"", ""description"": ""Fetches the albums of an artist from the Spotify API using RapidAPI."", ""parameters"": {""is_id"": {""description"": ""The unique identifier for the artist."", ""type"": ""str"", ""default"": ""2w9zwq3AktTeYYMuhMjju8""}, ""offset"": {""description"": ""The index of the first album to return. Defaults to 0."", ""type"": ""int, optional"", ""default"": ""0""}, ""limit"": {""description"": ""The maximum number of albums to return. Defaults to 100."", ""type"": ""int, optional"", ""default"": ""100""}}}, {""name"": ""artist_discovered_on"", ""description"": ""Retrieves playlists where the artist has been discovered using the Spotify Web API."", ""parameters"": {""is_id"": {""description"": ""The unique ID of the artist."", ""type"": ""str"", ""default"": ""2w9zwq3AktTeYYMuhMjju8""}}}]","The prediction uses 'Ed Sheeran' as the is_id, but the tool expects an artist ID, not a name.","The prediction uses 'Ed Sheeran' as the is_id, but the tool expects an artist ID, not a name.",no,no
19255,581,2,"lora-1.7b,qlora-1.7b",,,,"Search for 'Florists' in Los Angeles with a limit of 15 and include all data packages, and also get the domain details for ID 43210.","[{""name"": ""business_phone_search"", ""arguments"": {""limit"": ""15"", ""query"": ""Florists Los Angeles"", ""packages"": ""all""}}, {""name"": ""domain_detail"", ""arguments"": {""did"": 43210}}]","[{""name"": ""order_by_descending"", ""description"": ""Fetches a list of resources from the Cat Breed Database API sorted in descending order based on the provided ordering parameter."", ""parameters"": {""ordering"": {""description"": ""The criterion by which to sort the list in descending order."", ""type"": ""str"", ""default"": ""-breedName""}}}, {""name"": ""domain_detail"", ""description"": ""Fetches the domain detail for a given domain ID using the RapidAPI service."", ""parameters"": {""did"": {""description"": ""The domain ID for which the details are to be fetched."", ""type"": ""int"", ""default"": """"}}}, {""name"": ""get_u_54_athlete_ranking"", ""description"": ""Fetches the under-54 athlete ranking for Taekwondo from the provided RapidAPI service."", ""parameters"": {""country"": {""description"": ""The country to filter the athlete rankings. Defaults to None."", ""type"": ""str, optional"", ""default"": """"}}}, {""name"": ""business_phone_search"", ""description"": ""Search for relevant businesses in the Data Axle database based on the given parameters."", ""parameters"": {""limit"": {""description"": ""The maximum number of results to return."", ""type"": ""str"", ""default"": ""20""}, ""query"": {""description"": ""The search query for finding businesses."", ""type"": ""str"", ""default"": ""4162287300""}, ""packages"": {""description"": ""The specific data packages to include in the search."", ""type"": ""str"", ""default"": ""standard_v1""}}}]","The reference includes 'Los Angeles' in the query, but the prediction does not, making the query less specific than requested.","The reference includes 'Los Angeles' in the query, but the prediction does not, making the query less specific than requested.",no,no
47582,592,2,"lora-1.7b,qlora-1.7b",,,,"Perform a Chi-Square test for independence on the 2x2 contingency table [[20, 10], [15, 5]] with a significance level of 0.01.","[{""name"": ""chi_square_independence_test"", ""arguments"": {""significance_level"": 0.01}}]","[{""name"": ""std_deviation"", ""description"": ""Calculates the standard deviation of a list of numbers."", ""parameters"": {""numbers"": {""description"": ""The list of numbers."", ""type"": ""List[float]""}}}, {""name"": ""calculate_investment_return"", ""description"": ""Calculates the return on investment based on the initial deposit amount, annual interest rate, and investment period."", ""parameters"": {""initial_amount"": {""description"": ""The initial deposit amount."", ""type"": ""int""}, ""interest_rate"": {""description"": ""The annual interest rate provided by the bank."", ""type"": ""float""}, ""num_years"": {""description"": ""The number of years the money is invested."", ""type"": ""int""}}}, {""name"": ""polygon_area_shoelace"", ""description"": ""Calculates the area of a polygon using the shoelace formula."", ""parameters"": {""vertices"": {""description"": ""A list of polygon vertices represented as tuples (x, y)."", ""type"": ""List[Tuple[float, float]]""}}}, {""name"": ""chi_square_independence_test"", ""description"": ""Performs a Chi-Square test for independence on a 2x2 contingency table."", ""parameters"": {""contingency_table"": {""description"": ""A 2x2 contingency table represented as a list of lists."", ""type"": ""List[List[int]]"", ""default"": 0.05}, ""significance_level"": {""description"": ""The significance level for the Chi-Square test. Defaults to 0.05."", ""type"": ""float, optional"", ""default"": 0.05}}}, {""name"": ""greatest_common_divisor"", ""description"": ""Computes the greatest common divisor (GCD) of two non-negative integers."", ""parameters"": {""a"": {""description"": ""The first non-negative integer."", ""type"": ""int""}, ""b"": {""description"": ""The second non-negative integer."", ""type"": ""int""}}}]","The reference answer is missing the contingency_table argument which is required by the request, making it not fully derivable from the request; however, the prediction includes all necessary arguments and correctly performs the requested test.","The reference answer is missing the contingency_table argument which is required by the request, making it not fully derivable from the request; however, the prediction includes all necessary arguments and correctly performs the requested test.",no,no
39754,652,2,"lora-1.7b,qlora-1.7b",,,,How has the cash flow of Alphabet Inc. changed over the past three years?,"[{""name"": ""stock_cashflow_statement"", ""arguments"": {""symbol"": ""GOOGL""}}, {""name"": ""stock_cashflow_statement"", ""arguments"": {""symbol"": ""GOOG""}}]","[{""name"": ""stock_cashflow_statement"", ""description"": ""Fetches the cash flow statement for a given stock symbol from Yahoo Finance using RapidAPI."", ""parameters"": {""symbol"": {""description"": ""The stock symbol for which to fetch the cash flow statement."", ""type"": ""str"", ""default"": ""AAPL""}}}]","The prediction makes only one call, while the request for Alphabet's cash flow over three years requires data from both GOOGL and GOOG to be complete as per the reference.","The prediction makes only one call, but the reference expects two calls for different Alphabet stock symbols, which is not justified by the request alone.",no,no
8620,745,2,"lora-1.7b,qlora-1.7b",,,,Please provide the fixtures for the Ladies European Tour in the 2022 season and the standings for the Primeira Liga in the 2021 season.,"[{""name"": ""fixtures"", ""arguments"": {""tour_id"": 6, ""season_id"": 2022}}, {""name"": ""primeira_liga_standings"", ""arguments"": {""season"": ""2021""}}]","[{""name"": ""fixtures"", ""description"": ""Fetches and returns tournament fixtures for a given tour ID and season ID using the provided RapidAPI key."", ""parameters"": {""tour_id"": {""description"": ""Identifier for the tour."", ""type"": ""int"", ""default"": ""2""}, ""season_id"": {""description"": ""Identifier for the season."", ""type"": ""int"", ""default"": ""2021""}}}, {""name"": ""primeira_liga_standings"", ""description"": ""Fetches the standings for the Primeira Liga for a specified season."", ""parameters"": {""season"": {""description"": ""The season for which the standings are to be fetched, e.g., '2022'. If not provided, the current season is assumed."", ""type"": ""str, optional"", ""default"": """"}}}, {""name"": ""getmatchbywinner"", ""description"": ""Retrieves all cricket matches won by the specified team from the IPL API."", ""parameters"": {""winner"": {""description"": ""The name of the team to filter matches by. Defaults to 'Kolkata Knight Riders'."", ""type"": ""str"", ""default"": ""Kolkata Knight Riders""}}}]","The reference uses tour_id 6, which is not mentioned or derivable from the request, making it not derivable; the prediction uses tour_id 1, which is incorrect as per the expected tour for Ladies European Tour.","The reference uses tour_id 6 which is not mentioned or derivable from the request, making it not derivable; the prediction uses tour_id 1 which is incorrect as per the expected tour for Ladies European Tour.",no,no
16683,779,2,"lora-1.7b,qlora-1.7b",,,,Please get me the genre list for the originals in English and also in German.,"[{""name"": ""originals_genres_list"", ""arguments"": {}}, {""name"": ""originals_genres_list"", ""arguments"": {""language"": ""de""}}]","[{""name"": ""originals_genres_list"", ""description"": ""Retrieves a list of genres in the originals category from the Webtoon API."", ""parameters"": {""language"": {""description"": ""The language of the genre names to be retrieved. Must be one of the following: 'en', 'zh-hant', 'de', 'fr', 'es', 'th', 'id'. Default is 'en'."", ""type"": ""str"", ""default"": ""en""}}}]","The reference answer omits the 'language': 'en' argument in the first call, which is required to explicitly request English genres as per the request, making it not derivable from the request.","The reference answer omits the 'language': 'en' argument in the first call, which is required by the request to get genres in English, making it not derivable from the request.",no,no
53172,865,2,"lora-1.7b,qlora-1.7b",,,,Search for movies related to 'The Matrix' and fetch related videos for the 'Interstellar' movie,"[{""name"": ""autocomplete_search"", ""arguments"": {""search_value"": ""The Matrix"", ""search_type"": 3}}, {""name"": ""video_related_contents"", ""arguments"": {""is_id"": ""zSWdZVtXT7E""}}]","[{""name"": ""autocomplete_search"", ""description"": ""Search for titles and/or people by name or partial name, useful for building an autocomplete feature. The results include a `result_type` field indicating whether the result is a title or a person, along with an `image_url` for movie posters or headshots."", ""parameters"": {""search_value"": {""description"": ""The phrase to search for, which can be a full title or person name, or a partial phrase. For example, searching for \""The sha\"" will find the movie \""The Shawshank Redemption\""."", ""type"": ""str"", ""default"": ""Breaking Bad""}, ""search_type"": {""description"": ""Determines the type of search results. 1 includes titles and people (default), 2 includes titles only, 3 includes movies only, 4 includes TV shows only, and 5 includes people only."", ""type"": ""int, optional"", ""default"": ""1""}}}, {""name"": ""downloadoptimize"", ""description"": ""Downloads the specified OptiFine version using the provided RapidAPI key."", ""parameters"": {""optifineversion"": {""description"": ""The version of OptiFine to be downloaded."", ""type"": ""str"", ""default"": """"}}}, {""name"": ""video_related_contents"", ""description"": ""Fetches related video contents from YouTube using the RapidAPI service."", ""parameters"": {""hl"": {""description"": ""Language code for the response (default is 'en')."", ""type"": ""str"", ""default"": ""en""}, ""is_id"": {""description"": ""The YouTube video ID for which related contents are to be fetched (default is 'kJQP7kiw5Fk')."", ""type"": ""str"", ""default"": ""kJQP7kiw5Fk""}, ""gl"": {""description"": ""Country code for the response (default is 'US')."", ""type"": ""str"", ""default"": ""US""}, ""cursor"": {""description"": ""Token for pagination to retrieve the next set of results."", ""type"": ""str, optional"", ""default"": """"}}}]","The reference uses a YouTube video ID for 'Interstellar' that is not mentioned in the request, making it not derivable; the prediction incorrectly uses 'Interstellar' as the is_id value, which is not a valid YouTube ID and does not match the required format.","The reference uses a hardcoded YouTube ID for Interstellar without deriving it from the request, making it not derivable; the prediction incorrectly uses 'Interstellar' as the is_id instead of a valid YouTube video ID.",no,no
7635,921,2,"lora-1.7b,qlora-1.7b",,,,"Translate the phrase 'Hello, world!' from English to Spanish and from Spanish to French.","[{""name"": ""translate"", ""arguments"": {""text"": ""Hello, world!"", ""lang_to"": ""es"", ""lang_from"": ""en""}}, {""name"": ""translate"", ""arguments"": {""text"": ""Hola, mundo!"", ""lang_to"": ""fr"", ""lang_from"": ""es""}}]","[{""name"": ""translate"", ""description"": ""Translates text from one language to another using the Bidirectional Text Language Translation API. Languages should be specified using two-character ISO codes. If the source language is not provided, it will be auto-detected."", ""parameters"": {""text"": {""description"": ""The source text to be translated."", ""type"": ""str"", ""default"": ""Hello how are you doing?""}, ""lang_to"": {""description"": ""The ISO code of the target language."", ""type"": ""str"", ""default"": ""de""}, ""lang_from"": {""description"": ""The ISO code of the source language. If not provided, the source language will be auto-detected."", ""type"": ""str, optional"", ""default"": """"}}}, {""name"": ""transliterate_any_to_latin"", ""description"": ""Transliterates the given text from any language to Latin script using the RapidAPI Webit Language Transliterate API."", ""parameters"": {""text"": {""description"": ""The text to be transliterated to Latin script."", ""type"": ""str"", ""default"": ""\u3053\u3093\u306b\u3061\u306f\u3002""}}}]","The second translation call uses 'Hello, world!' as input instead of the Spanish version 'Hola, mundo!', which contradicts the request to translate from Spanish to French.","The second translation call uses 'Hello, world!' as input instead of the Spanish version 'Hola, mundo!', which contradicts the request to translate from Spanish to French.",no,no
53236,954,2,"lora-1.7b,qlora-1.7b",,,,"What were the top 50 songs on the Billboard Hot 100 on my birthday last year, and who are the artists featuring in the song 'Me!' by Taylor Swift on Spotify?","[{""name"": ""billboard_hot_100"", ""arguments"": {""date"": ""YYYY-MM-DD"", ""range"": ""1-50""}}, {""name"": ""artist_featuring"", ""arguments"": {""is_id"": ""45Y1YYNp3pZUHUlXQ5NgsL""}}]","[{""name"": ""billboard_hot_100"", ""description"": ""Fetch the Billboard Hot 100 chart data for a given date and range."", ""parameters"": {""date"": {""description"": ""The date for which to fetch the chart data in 'YYYY-MM-DD' format."", ""type"": ""str"", ""default"": ""2022-07-07""}, ""range"": {""description"": ""The range of chart positions to return, specified in the format 'start-end'. Default is '1-10'."", ""type"": ""str, optional"", ""default"": ""1-10""}}}, {""name"": ""user_followers"", ""description"": ""Fetches the follower count for a given Spotify user using the RapidAPI service."", ""parameters"": {""is_id"": {""description"": ""The user ID for which to fetch the follower count."", ""type"": ""str"", ""default"": ""nocopyrightsounds""}}}, {""name"": ""artist_featuring"", ""description"": ""Fetches the artist featuring information from the Spotify API using the given artist ID."", ""parameters"": {""is_id"": {""description"": ""The unique identifier for the artist."", ""type"": ""str"", ""default"": ""2w9zwq3AktTeYYMuhMjju8""}}}, {""name"": ""list_weekly_top_albums"", ""description"": ""Fetches the weekly top albums from Spotify for a given date and region."", ""parameters"": {""date"": {""description"": ""The date in `YYYY-MM-DD` format for which to retrieve the top albums. Leave blank to get the latest chart."", ""type"": ""str, optional"", ""default"": """"}, ""region"": {""description"": ""The region code (ISO 3166 alpha-2, e.g., `US`) for which to retrieve the top albums. Defaults to `global`."", ""type"": ""str, optional"", ""default"": """"}}}]","The reference answer uses placeholder values like 'YYYY-MM-DD' and an unspecified artist ID, which cannot be derived from the request; the prediction uses incorrect date and ID values not justified by the request.","The reference answer contains a date 'YYYY-MM-DD' and an artist ID not derivable from the request, which does not specify a birthday or provide an ID for 'Me!' by Taylor Swift.",no,no
29952,1016,2,"lora-1.7b,qlora-1.7b",,,,Fetch OpenGraph and Meta tags from the website of a popular news outlet.,"[{""name"": ""og"", ""arguments"": {""url"": ""https://www.bbc.com/""}}]","[{""name"": ""og"", ""description"": ""Fetches all the OpenGraph and Meta tags from a given website URL using the provided API key."", ""parameters"": {""url"": {""description"": ""The website URL to fetch the OpenGraph and Meta tags from. Defaults to 'https://protomol.explorarc.com/'."", ""type"": ""str"", ""default"": ""https://protomol.explorarc.com/""}}}, {""name"": ""house_prices_get_market_activity"", ""description"": ""Fetches the market activity for a specified area using the Zoopla API."", ""parameters"": {""area"": {""description"": ""The value of suggestions/value JSON object returned from the .../auto-complete endpoint. This value must be used exactly as returned by the endpoint."", ""type"": ""str"", ""default"": ""Greenwich Close, Crawley RH11""}, ""identifier"": {""description"": ""The value of suggestions/identifier JSON object returned from the .../auto-complete endpoint. This value must also be used exactly as returned by the endpoint. Defaults to 'west-sussex/crawley/greenwich-close'."", ""type"": ""str, optional"", ""default"": ""west-sussex/crawley/greenwich-close""}}}, {""name"": ""search"", ""description"": ""Queries the Matricula API for information based on a provided license plate and function."", ""parameters"": {""plate"": {""description"": ""License plate to search for. Defaults to '0145LGB'."", ""type"": ""str"", ""default"": ""0145LGB""}, ""function"": {""description"": ""The operation to perform on the given plate. Defaults to 'getktypeforspain'."", ""type"": ""str"", ""default"": ""getktypeforspain""}}}, {""name"": ""get_device_asset_by_identifier_copy"", ""description"": ""Fetches device asset information by identifier using the provided RapidAPI key."", ""parameters"": {""identifier"": {""description"": ""The unique identifier for the device asset."", ""type"": ""str"", ""default"": ""71491234-A""}}}]","The reference uses 'https://www.bbc.com/' which is not mentioned in the request, making it not derivable; the prediction uses a different URL not specified in the request, so it does not satisfy the intent.","The reference uses 'https://www.bbc.com/' which is not mentioned in the request, making it not derivable; the prediction uses a different URL not specified in the request, so it is incorrect.",no,no
41295,1025,2,"lora-1.7b,qlora-1.7b",,,,Find the albums of the artist 'Taylor Swift' from her Spotify page.,"[{""name"": ""get_artist_s_albums"", ""arguments"": {""spotify_url"": ""https://open.spotify.com/artist/06HL4z0CvFAxyc27GXpf02""}}]","[{""name"": ""get_artist_s_albums"", ""description"": ""Fetches and returns basic details about the albums of an artist from a given Spotify URL."", ""parameters"": {""spotify_url"": {""description"": ""The URL of the artist's Spotify page."", ""type"": ""str"", ""default"": ""https://open.spotify.com/artist/1nIUhcKHnK6iyumRyoV68C""}}}]","The reference uses a Spotify artist ID not mentioned in the request, making it impossible to derive from the given information.","The reference uses a Spotify artist ID not mentioned in the request, making it impossible to derive from the input; the prediction uses a different invalid ID, failing to fulfill the request correctly.",no,no
15491,1040,2,"lora-1.7b,qlora-1.7b",,,,"Draw 5 cards and determine if a Sudoku board is valid. The board has some numbers filled, check if it follows the rules.","[{""name"": ""draw_cards"", ""arguments"": {""num_draw"": 5}}, {""name"": ""is_valid_sudoku"", ""arguments"": {""board"": [[5, 3, ""."", ""."", 7, ""."", ""."", ""."", "".""], [6, ""."", ""."", 1, 9, 5, ""."", ""."", "".""], [""."", 9, 8, ""."", ""."", ""."", ""."", 6, "".""], [8, ""."", ""."", ""."", 6, ""."", ""."", ""."", 3], [4, ""."", ""."", 8, ""."", 3, ""."", ""."", 1], [7, ""."", ""."", ""."", 2, ""."", ""."", ""."", 6], [""."", 6, ""."", ""."", ""."", ""."", 2, 8, "".""], [""."", ""."", ""."", 4, 1, 9, ""."", ""."", 5], [""."", ""."", ""."", ""."", 8, ""."", ""."", 7, 9]]}}]","[{""name"": ""draw_cards"", ""description"": ""Shuffles a standard deck of 52 cards and draws a specified number of cards from the top."", ""parameters"": {""num_draw"": {""description"": ""The number of cards to be drawn. Defaults to 1."", ""type"": ""int, optional"", ""default"": 1}}}, {""name"": ""min_meeting_rooms"", ""description"": ""Finds the minimum number of meeting rooms required to accommodate all meetings."", ""parameters"": {""intervals"": {""description"": ""A list of meeting time intervals, where each interval is represented as [start_time, end_time]."", ""type"": ""List[List[int]]""}}}, {""name"": ""is_valid_sudoku"", ""description"": ""Checks if a 9x9 Sudoku board is valid."", ""parameters"": {""board"": {""description"": ""The Sudoku board represented as a 2D list of strings."", ""type"": ""List[List[str]]""}}}, {""name"": ""calculate_electric_field"", ""description"": ""Calculate the electric field produced by a charge at a certain distance."", ""parameters"": {""charge"": {""description"": ""Charge in coulombs producing the electric field."", ""type"": ""int"", ""default"": 8.854e-12}, ""distance"": {""description"": ""Distance from the charge in meters where the field is being measured."", ""type"": ""int"", ""default"": 8.854e-12}, ""permitivity"": {""description"": ""Permitivity of the space where field is being calculated, default is 8.854e-12."", ""type"": ""float""}}}]","The prediction provides a different Sudoku board than the reference, which could not be derived from the request.","The prediction uses string numbers in the board while the reference uses integers, but both represent the same Sudoku board and are valid inputs for the is_valid_sudoku function.",no,no
23814,1050,2,"lora-1.7b,qlora-1.7b",,,,Provide the race schedule for the 2022 F1 season and the fixtures for the South Africa rugby team in the 2021 season.,"[{""name"": ""races"", ""arguments"": {""season_id"": 2022}}, {""name"": ""fixtures_by_team_by_season"", ""arguments"": {""season_id"": 2021, ""team_id"": 169}}]","[{""name"": ""races"", ""description"": ""Retrieves a list of races and session details for a specified F1 season."", ""parameters"": {""season_id"": {""description"": ""The ID of the F1 season for which to list races and session details."", ""type"": ""int"", ""default"": ""2020""}}}, {""name"": ""fixtures_by_team_by_season"", ""description"": ""Retrieves fixtures and results for a given team within a specified season across all competitions they play in."", ""parameters"": {""season_id"": {""description"": ""The ID of the season to retrieve fixtures and results for."", ""type"": ""int"", ""default"": ""2023""}, ""team_id"": {""description"": ""The ID of the team to retrieve fixtures and results for."", ""type"": ""int"", ""default"": ""6167""}}}, {""name"": ""series_get_players"", ""description"": ""Fetches the player details for a given squad and series from the Cricbuzz API."", ""parameters"": {""squadid"": {""description"": ""The ID of the squad, obtained from the /series/get-squads endpoint."", ""type"": ""int"", ""default"": ""15826""}, ""seriesid"": {""description"": ""The ID of the series, obtained from the /series/list or /series/list-archives endpoints."", ""type"": ""int"", ""default"": ""3718""}}}, {""name"": ""series_get_players"", ""description"": ""Fetches the list of players in a given squad for a specified series."", ""parameters"": {""seriesid"": {""description"": ""The ID of the series. This value is obtained from the endpoints /series/list or /series/list-archives."", ""type"": ""int"", ""default"": ""3718""}, ""squadid"": {""description"": ""The ID of the squad. This value is obtained from the endpoint /series/get-squads."", ""type"": ""int"", ""default"": ""12021""}}}]","The reference answer uses team_id 169 for South Africa, which is not derivable from the request, and the prediction uses a different team_id (1000), making the value incorrect.","The reference answer uses team_id 169 for South Africa, which is not mentioned or derivable from the request, making it not fully derivable; the prediction uses an incorrect team_id (10000) which does not correspond to South Africa's rugby team.",no,no
14570,1085,2,"lora-1.7b,qlora-1.7b",,,,"What are the celestial positions for a location near the Arctic Circle on June 21st, 2023, at midday?","[{""name"": ""get_all_bodies_positions"", ""arguments"": {""latitude"": 68, ""longitude"": 18, ""from_date"": ""2023-06-21"", ""to_date"": ""2023-06-21""}}]","[{""name"": ""get_all_bodies_positions"", ""description"": ""Fetches the positions of celestial bodies for a given location and date range using the Astronomy API."", ""parameters"": {""latitude"": {""description"": ""The latitude of the location for which to get the positions."", ""type"": ""int"", ""default"": ""33.775867""}, ""longitude"": {""description"": ""The longitude of the location for which to get the positions."", ""type"": ""int"", ""default"": ""-84.39733""}, ""from_date"": {""description"": ""The start date for the observation period in the format 'YYYY-MM-DD'."", ""type"": ""str"", ""default"": ""2017-12-20""}, ""to_date"": {""description"": ""The end date for the observation period in the format 'YYYY-MM-DD'."", ""type"": ""str"", ""default"": ""2017-12-21""}, ""elevation"": {""description"": ""The elevation of the location in meters. Defaults to 166."", ""type"": ""int, optional"", ""default"": ""166""}, ""time"": {""description"": ""The specific time of day for the observation in the format 'HH:MM:SS'. Defaults to '12:00:00'."", ""type"": ""str, optional"", ""default"": ""12:00:00""}}}]","The reference uses latitude 68 and longitude 18, which are not specified in the request and cannot be derived from 'near the Arctic Circle'; the prediction uses different coordinates and includes a time argument not in the reference.","The reference uses latitude 68 and longitude 18, which are not derivable from the request; the prediction uses different coordinates and includes extra arguments not justified by the request.",no,no
11233,1149,2,"lora-1.7b,qlora-1.7b",,,,"List the latest 30 videos from the channel 'National Geographic' on YouTube. Concurrently, fetch all seasons of the documentary series 'Planet Earth'.","[{""name"": ""get_videos_by_channel"", ""arguments"": {""cid"": ""UCzQUP1qoWDoEbmsQ4_Yi7pA""}}, {""name"": ""title_seasons"", ""arguments"": {""is_id"": ""tv-1395""}}]","[{""name"": ""drawings_between_dates"", ""description"": ""Fetches all Fantasy 5 winning number sets between two specified dates."", ""parameters"": {""date1"": {""description"": ""The start date in the format MM-DD-YYYY."", ""type"": ""str"", ""default"": ""01-01-2023""}, ""date2"": {""description"": ""The end date in the format MM-DD-YYYY."", ""type"": ""str"", ""default"": ""01-10-2023""}}}, {""name"": ""title_seasons"", ""description"": ""Returns all seasons for a specified TV show or mini-series using the Watchmode API."", ""parameters"": {""is_id"": {""description"": ""The ID of the title. This can be a Watchmode ID, an IMDB ID, or a TMDB type and ID combination (e.g., 'movie-278' for The Shawshank Redemption, 'tv-1396' for Breaking Bad)."", ""type"": ""str"", ""default"": ""3173903""}}}, {""name"": ""get_videos_by_channel"", ""description"": ""Fetches the last 30 videos from a specified YouTube channel using the Toolbench RapidAPI."", ""parameters"": {""cid"": {""description"": ""The channel ID of the YouTube channel."", ""type"": ""str"", ""default"": """"}}}]","The prediction uses 'National Geographic' as the channel ID, but the tool expects a channel ID, not a name; also, it uses 'tv-1396' instead of the correct series ID for 'Planet Earth'.","The prediction uses an incorrect channel ID and a title name instead of an ID for the series, which is not supported by the tools.",no,no
29079,1285,2,"lora-1.7b,qlora-1.7b",,,,"I'm looking for tide information for '8567990' and weather station metadata for 'KJFK'. Additionally, could you tell me the hourly weather forecast for 40.6397, -73.7789?","[{""name"": ""get_station_information"", ""arguments"": {""is_id"": ""8567990""}}, {""name"": ""stations_stationid"", ""arguments"": {""stationid"": ""KJFK""}}, {""name"": ""rapidapigetforecasthourlybycoordinates"", ""arguments"": {""latitude"": 40, ""longitude"": -73}}]","[{""name"": ""get_station_information"", ""description"": ""Get information about a NOAA tide station using its ID."", ""parameters"": {""is_id"": {""description"": ""The station ID to retrieve information for."", ""type"": ""str"", ""default"": ""8570283""}}}, {""name"": ""stations_stationid"", ""description"": ""Fetch metadata about a specified weather station using the station ID."", ""parameters"": {""stationid"": {""description"": ""The ID of the weather station."", ""type"": ""str"", ""default"": """"}}}, {""name"": ""rapidapigetforecasthourlybycoordinates"", ""description"": ""Gets hourly weather forecast information for given geographical coordinates using the RapidAPI service."", ""parameters"": {""latitude"": {""description"": ""The latitude of the geographical location."", ""type"": ""int"", ""default"": 46.95828}, ""longitude"": {""description"": ""The longitude of the geographical location."", ""type"": ""int"", ""default"": 10.87152}}}]","The reference uses rounded coordinates (40, -73) while the request specifies (40.6397, -73.7789), making the reference not fully derivable from the request; however, the prediction correctly uses the precise coordinates from the request.","The reference uses rounded coordinates (40, -73) while the request specifies (40.6397, -73.7789), making the reference not fully derivable from the request; however, the prediction correctly uses the precise coordinates from the request.",no,no
27741,1317,2,"lora-1.7b,qlora-1.7b",,,,Can you fetch meta data for cryptocurrency markets in English (US) with UTC-5 offset?,"[{""name"": ""get_meta_data"", ""arguments"": {""locale_info"": ""en-US"", ""time_utc_offset"": -18000}}]","[{""name"": ""get_meta_data"", ""description"": ""Fetches meta data from the cryptocurrency markets API using provided locale information and optional parameters."", ""parameters"": {""locale_info"": {""description"": ""The language code."", ""type"": ""str"", ""default"": ""en_US""}, ""lang_id"": {""description"": ""The language ID, default is 1."", ""type"": ""int, optional"", ""default"": ""1""}, ""time_utc_offset"": {""description"": ""The UTC offset in seconds, default is 28800 (UTC+8)."", ""type"": ""int, optional"", ""default"": ""28800""}}}]","The prediction uses a UTC offset of -21000, which does not match the requested UTC-5 offset (equivalent to -18000 seconds).","The prediction uses -28800 for UTC offset instead of -18000, and the locale format differs (en_US vs en-US), which may not be acceptable if the API expects a specific format.",no,no
38118,1334,2,"lora-1.7b,qlora-1.7b",,,,"Retrieve the lexical field for 'medicine' and validate the email 'contact@medicalcenter.org'. Also, fetch the first 3 photos of the Red Cross organization and chapter 5 from the book of Leviticus.","[{""name"": ""get_lexical_field"", ""arguments"": {""mot"": ""medicine""}}, {""name"": ""emailvalidation"", ""arguments"": {""email"": ""contact@medicalcenter.org""}}, {""name"": ""business_photos"", ""arguments"": {""business_id"": ""0x40c8c3e52d0f7b69:0x40099ab282756ca0"", ""limit"": 3}}, {""name"": ""get_chapter_by_bookname"", ""arguments"": {""bookname"": ""Leviticus"", ""chapterid"": 5}}]","[{""name"": ""business_photos"", ""description"": ""Fetches photos of a business using its unique Business Id through the RapidAPI service."", ""parameters"": {""business_id"": {""description"": ""The unique identifier of the business. This can be a google_id, business_id, or google_place_id. Examples of valid IDs include `0x880fd393d427a591:0x8cba02d713a995ed` and `ChIJkaUn1JPTD4gR7ZWpE9cCuow`."", ""type"": ""str"", ""default"": ""0x89c259b5a9bd152b:0x31453e62a3be9f76""}, ""limit"": {""description"": ""The maximum number of business photos to return. Acceptable values range from 1 to 10000. Defaults to 5."", ""type"": ""int, optional"", ""default"": ""5""}, ""fields"": {""description"": ""A comma-separated list of photo fields to include in the response. By default, all fields are returned. Example: `type,photo_url`."", ""type"": ""str, optional"", ""default"": """"}, ""region"": {""description"": ""The region or country from which to query Google Maps. For a list of supported region/country codes, see https://en.wikipedia.org/wiki/List_of_ISO_639-1_codes (Alpha-2 code). Defaults to 'us'."", ""type"": ""str, optional"", ""default"": ""us""}}}, {""name"": ""emailvalidation"", ""description"": ""Validates if an email address exists using the RapidAPI Whois Lookup service."", ""parameters"": {""email"": {""description"": ""The email address to be validated."", ""type"": ""str"", ""default"": ""info@peekdomain.com""}}}, {""name"": ""get_lexical_field"", ""description"": ""Retrieves the lexical field for a given word using the Dicolink API."", ""parameters"": {""mot"": {""description"": ""The word for which the lexical field is to be retrieved."", ""type"": ""str"", ""default"": ""cheval""}, ""limite"": {""description"": ""The limit on the number of results to be retrieved (default is '20')."", ""type"": ""str, optional"", ""default"": ""20""}}}, {""name"": ""get_chapter_by_bookname"", ""description"": ""Retrieves a specific chapter from a book in the Bible using the specified book name and chapter ID."", ""parameters"": {""bookname"": {""description"": ""The name of the book in the Bible."", ""type"": ""str"", ""default"": ""John""}, ""chapterid"": {""description"": ""The chapter number to retrieve from the specified book."", ""type"": ""int"", ""default"": ""3""}}}]","The reference uses a business_id for Red Cross that is not mentioned in the request, making it not derivable; the prediction uses a different business_id and adds 'fields', which changes the call's behavior.","The reference uses a business_id for Red Cross photos that is not mentioned in the request, making it not derivable; the prediction uses a different business_id and includes a default region, resulting in a different argument value.",no,no
19093,1361,2,"lora-1.7b,qlora-1.7b",,,,"Search for 'artificial intelligence' in German from Germany, showing 15 results per page.","[{""name"": ""search"", ""arguments"": {""pageno"": 1, ""country"": ""DE"", ""lang"": ""de"", ""search"": ""k\u00fcnstliche Intelligenz"", ""perpage"": 15}}]","[{""name"": ""getvideodetails"", ""description"": ""Retrieve video details from YouTube using a specified video ID."", ""parameters"": {""is_id"": {""description"": ""The ID of the video to retrieve details for."", ""type"": ""str"", ""default"": """"}}}, {""name"": ""search"", ""description"": ""Performs a search query on the specified search engine using given parameters and returns the response as JSON or text."", ""parameters"": {""pageno"": {""description"": ""The page number of the search results."", ""type"": ""int"", ""default"": ""1""}, ""country"": {""description"": ""The country code for the search localization."", ""type"": ""str"", ""default"": ""US""}, ""lang"": {""description"": ""The language code for the search localization."", ""type"": ""str"", ""default"": ""en""}, ""search"": {""description"": ""The search string to query."", ""type"": ""str"", ""default"": ""Hello""}, ""perpage"": {""description"": ""The number of results per page. Defaults to 10."", ""type"": ""int, optional"", ""default"": ""10""}}}, {""name"": ""links_finder"", ""description"": ""Fetches relevant links based on a given query using the ExplorArc's Link Finder API."", ""parameters"": {""query"": {""description"": ""The search query to find relevant links. Defaults to 'roadmap'."", ""type"": ""str"", ""default"": ""roadmap""}}}, {""name"": ""vehicle_market_value_by_vin"", ""description"": ""Fetches the market value of a vehicle based on its VIN (Vehicle Identification Number) using the Toolbench RapidAPI service."", ""parameters"": {""vin"": {""description"": ""The vehicle identification number to query."", ""type"": ""str"", ""default"": ""5UXKR0C58JL074657""}, ""mileage"": {""description"": ""The current mileage of the vehicle. If not specified, the average mileage is used. Default is None."", ""type"": ""str, optional"", ""default"": """"}, ""period"": {""description"": ""Number of days to look back for sales data, with a maximum value of 365 days. Default is None."", ""type"": ""str, optional"", ""default"": """"}}}]","The reference translates the search term to German ('künstliche Intelligenz'), but the request does not specify translation, and the prediction uses the English term which contradicts the request for a German search.","The prediction uses 'artificial intelligence' instead of the German translation 'künstliche Intelligenz', which contradicts the request to search in German.",no,no
4995,1363,2,"lora-1.7b,qlora-1.7b",,,,"Please list the recommended products in the 'Kids' category with a minimum price of $20 and a maximum of $40. Also, show me the top-rated items in the 'Accessories' category.","[{""name"": ""products_list"", ""arguments"": {""adp"": ""goodsId3"", ""cat_id"": ""Kids"", ""min_price"": 20, ""max_price"": 40, ""sort"": 0}}, {""name"": ""products_list"", ""arguments"": {""adp"": ""goodsId4"", ""cat_id"": ""Accessories"", ""sort"": 7}}]","[{""name"": ""products_list"", ""description"": ""Fetches a list of products from a specified category with options for filtering and sorting."", ""parameters"": {""adp"": {""description"": ""The value of 'goodsId' returned by the endpoint `/navigations/get-node-content`."", ""type"": ""str"", ""default"": ""10170797""}, ""cat_id"": {""description"": ""The value of 'hrefTarget' returned by the endpoint `/navigations/get-node-content`."", ""type"": ""str"", ""default"": ""1980""}, ""max_price"": {""description"": ""The maximum price to filter products. Defaults to None."", ""type"": ""int, optional"", ""default"": """"}, ""sort"": {""description"": ""Sorting option for the product list."", ""type"": ""int, optional"", ""default"": ""7""}, ""min_price"": {""description"": ""The minimum price to filter products. Defaults to None."", ""type"": ""int, optional"", ""default"": """"}, ""filter"": {""description"": ""A string representing attribute filters in the format `{attr_id}_{attr_value_id}`, separated by commas for multiple filters. Defaults to None."", ""type"": ""str, optional"", ""default"": """"}, ""currency"": {""description"": ""The 3-letter currency code. Defaults to 'USD'."", ""type"": ""str, optional"", ""default"": ""USD""}, ""page"": {""description"": ""The page index for pagination. Defaults to 1."", ""type"": ""int, optional"", ""default"": ""1""}, ""limit"": {""description"": ""The number of items per page. Defaults to 20."", ""type"": ""int, optional"", ""default"": ""20""}, ""country"": {""description"": ""The 2-letter country code. Defaults to 'US'."", ""type"": ""str, optional"", ""default"": ""US""}, ""language"": {""description"": ""The 2-letter language code. Defaults to 'en'."", ""type"": ""str, optional"", ""default"": ""en""}}}]","The reference uses 'Kids' and 'Accessories' as cat_id values, which are not valid per the tool description requiring hrefTarget values like '1980'; also prediction uses incorrect adp and cat_id values and fails to distinguish between the two requested categories.","The reference uses 'Kids' and 'Accessories' as cat_id values, which are not valid per the tool description requiring hrefTarget values, and assigns unexplained adp values; the prediction incorrectly applies the same filter and sorting to both calls and uses sort=10 instead of the recommended sort for top-rated.",no,no
41757,1377,2,"lora-1.7b,qlora-1.7b",,,,Fetch the latest information on market movers in the currencies segment.,"[{""name"": ""market_get_movers"", ""arguments"": {""is_id"": ""<valid_currency_id>"", ""template"": ""CURRENCY""}}]","[{""name"": ""market_get_movers"", ""description"": ""Fetch the latest information on market movers based on a specified template."", ""parameters"": {""is_id"": {""description"": ""The ID value returned from the market auto-complete endpoint, used to specify the market segment."", ""type"": ""str"", ""default"": ""nky:ind""}, ""template"": {""description"": ""A string representing the category of market movers to retrieve. Possible values are 'COMMODITY', 'CURRENCY', 'INDEX', 'INDEXFUTURE', 'RATE', or 'STOCK'. Defaults to 'INDEX'."", ""type"": ""str, optional"", ""default"": ""INDEX""}}}]","The reference uses '<valid_currency_id>' which is not derivable from the request, and the prediction uses 'nky:CURRENCY' as is_id, which is not a valid currency ID and does not match the expected format.","The prediction is correct because it specifies the required 'CURRENCY' template, but it omits the 'is_id' argument which is not provided in the request and thus cannot be derived.",no,no
7126,1471,2,"lora-1.7b,qlora-1.7b",,,,"I'm planning a trip to Sydney, Australia. What's the weather like there in metric units?","[{""name"": ""by_geographic_coordinates"", ""arguments"": {""lon"": 151, ""lat"": -33.86882, ""units"": ""metric""}}]","[{""name"": ""by_zip_code"", ""description"": ""Fetches weather data based on a given zip code using the Toolbench RapidAPI service."", ""parameters"": {""zip"": {""description"": ""The zip code for which to fetch the weather data. If the country is not specified, the search defaults to the USA."", ""type"": ""str"", ""default"": ""94040""}, ""lang"": {""description"": ""Language in which to receive the output. Defaults to None."", ""type"": ""str, optional"", ""default"": """"}, ""units"": {""description"": ""Units of measurement to use. Available options are 'standard', 'metric', and 'imperial'. If not specified, 'standard' units will be used by default. Defaults to None."", ""type"": ""str, optional"", ""default"": """"}}}, {""name"": ""weather_statistics"", ""description"": ""Fetches the average weather statistics for a specified location for the next 30 days."", ""parameters"": {""units"": {""description"": ""Unit system to be used. Available values are:"", ""type"": ""str"", ""default"": ""auto""}, ""place_id"": {""description"": ""Identifier of a place. If not provided, the location can be specified using `lat` and `lon`."", ""type"": ""str, optional"", ""default"": """"}, ""lon"": {""description"": ""Longitude in the format 12E, 12.3E, 12.3, or 13W, 13.2W, -13.4. Defaults to '-122.42282'."", ""type"": ""str, optional"", ""default"": ""-122.42282""}, ""lat"": {""description"": ""Latitude in the format 12N, 12.3N, 12.3, or 13S, 13.2S, -13.4. Defaults to '37.81021'."", ""type"": ""str, optional"", ""default"": ""37.81021""}}}, {""name"": ""by_geographic_coordinates"", ""description"": ""Fetches weather data based on geographic coordinates."", ""parameters"": {""lon"": {""description"": ""Longitude of the geographic coordinates."", ""type"": ""int"", ""default"": ""139""}, ""lat"": {""description"": ""Latitude of the geographic coordinates."", ""type"": ""int"", ""default"": ""35""}, ""units"": {""description"": ""Units of measurement. Options are 'standard', 'metric', and 'imperial'. Defaults to 'standard' if not specified."", ""type"": ""str, optional"", ""default"": """"}, ""lang"": {""description"": ""Language for the output. Defaults to the API's default language if not specified."", ""type"": ""str, optional"", ""default"": """"}}}]","The reference uses latitude -33.86882, which is not derivable from the request and differs from the predicted -33.","The reference uses latitude -33.86882, which is not derivable from the request and differs from the prediction's -33.",no,no
53242,1525,2,"lora-1.7b,qlora-1.7b",,,,Is the Queens Hotel in Berlin available from 2022-03-09 to 2022-03-11?,"[{""name"": ""is_hotel_available"", ""arguments"": {""hotel"": ""Queens Hotel"", ""city"": ""Berlin, Germany"", ""checkin"": ""2022-03-09"", ""checkout"": ""2022-03-11""}}]","[{""name"": ""is_hotel_available"", ""description"": ""Checks the availability of a hotel for a given date range."", ""parameters"": {""hotel"": {""description"": ""The name of the hotel."", ""type"": ""str""}, ""city"": {""description"": ""The city where the hotel is located."", ""type"": ""str""}, ""checkin"": {""description"": ""The check-in date in the format \""YYYY-MM-DD\""."", ""type"": ""str""}, ""checkout"": {""description"": ""The check-out date in the format \""YYYY-MM-DD\""."", ""type"": ""str""}}}, {""name"": ""is_valid_email"", ""description"": ""Checks if an email address is valid."", ""parameters"": {""email"": {""description"": ""The email address to validate."", ""type"": ""str""}}}, {""name"": ""reserve_hotel_room"", ""description"": ""Reserves a hotel room with the specified details."", ""parameters"": {""room_type"": {""description"": ""The type of room to reserve."", ""type"": ""str""}, ""nightly_rate"": {""description"": ""The nightly rate for the room."", ""type"": ""float""}, ""checkin_date"": {""description"": ""The check-in date in the format 'YYYY-MM-DD'."", ""type"": ""str""}, ""checkout_date"": {""description"": ""The check-out date in the format 'YYYY-MM-DD'."", ""type"": ""str""}, ""guest_id"": {""description"": ""The unique identifier for the guest."", ""type"": ""str""}, ""promo_code"": {""description"": ""A promotional code for a discount. Defaults to None."", ""type"": ""str, optional""}}}, {""name"": ""structural_analysis"", ""description"": ""Performs structural analysis on a building based on its ID, floor numbers, and analysis mode."", ""parameters"": {""building_id"": {""description"": ""The unique identifier of the building."", ""type"": ""str"", ""default"": ""static""}, ""floor_numbers"": {""description"": ""The list of floor numbers to be analyzed."", ""type"": ""List[int]"", ""default"": ""static""}, ""analysis_mode"": {""description"": ""The mode of analysis, either \""static\"" or \""dynamic\"". Defaults to \""static\""."", ""type"": ""str, optional""}}}, {""name"": ""predict_evolution_rate"", ""description"": ""Predict the evolutionary rate for a specific species for a given timeframe."", ""parameters"": {""species"": {""description"": ""The species that the evolution rate will be predicted for."", ""type"": ""str"", ""default"": ""Darwin""}, ""years"": {""description"": ""Number of years for the prediction."", ""type"": ""int"", ""default"": ""Darwin""}, ""model"": {""description"": ""The model used to make the prediction, options: 'Darwin', 'Lamarck', default is 'Darwin'."", ""type"": ""str""}}}]","The reference answer includes 'Berlin, Germany' as the city, which adds information not present in the request; the prediction uses 'Berlin' which matches the request exactly.","The reference answer includes 'Berlin, Germany' as the city, but the request only mentions 'Berlin', so the reference contains a value not present in or derivable from the request.",no,no
48209,1548,2,"lora-1.7b,qlora-1.7b",,,,"Retrieve the annual cash flow statement for Coca-Cola Co., Johnson & Johnson, and Visa Inc. Also, get the latest equity data for Coca-Cola Co. and Johnson & Johnson in Spanish. Lastly, fetch the latest securities report data for Toshiba Corporation and Panasonic Corporation.","[{""name"": ""cashflow"", ""arguments"": {""symbol"": ""KO"", ""period"": ""annual""}}, {""name"": ""cashflow"", ""arguments"": {""symbol"": ""JNJ"", ""period"": ""annual""}}, {""name"": ""cashflow"", ""arguments"": {""symbol"": ""V"", ""period"": ""annual""}}, {""name"": ""get_equity_latest_data"", ""arguments"": {""slug"": ""coca-cola-co"", ""lang"": ""es""}}, {""name"": ""get_equity_latest_data"", ""arguments"": {""slug"": ""johnson-johnson"", ""lang"": ""es""}}, {""name"": ""getlatestbyedinetcode"", ""arguments"": {""edinet_code"": ""00010074""}}, {""name"": ""getlatestbyedinetcode"", ""arguments"": {""edinet_code"": ""00010065""}}]","[{""name"": ""get_equity_latest_data"", ""description"": ""Fetches the latest equity data for a given equity slug."", ""parameters"": {""slug"": {""description"": ""The unique identifier for the equity, retrieved from screener results."", ""type"": ""str"", ""default"": ""saudi-aramco""}, ""lang"": {""description"": ""Language code for the data. Defaults to 'en'."", ""type"": ""str, optional"", ""default"": ""en""}}}, {""name"": ""cashflow"", ""description"": ""Fetches either annual or quarterly cash flow statements for a given stock symbol."", ""parameters"": {""symbol"": {""description"": ""The stock symbol of the company (e.g., 'AAPL' for Apple Inc.)."", ""type"": ""str"", ""default"": ""TSLA""}, ""period"": {""description"": ""The reporting period for the cash flow statement. Typically 'annual' or 'quarterly'."", ""type"": ""str"", ""default"": ""quarter""}}}, {""name"": ""getlatestbyedinetcode"", ""description"": ""Fetch the latest securities report data for a company specified by its EDINET code using the RapidAPI service."", ""parameters"": {""edinet_code"": {""description"": ""The EDINET code of the company to fetch data for."", ""type"": ""str"", ""default"": ""E02142""}}}]","The prediction makes 15 calls to getlatestbyedinetcode with placeholder codes, while the request only requires two such calls for Toshiba and Panasonic; the reference uses plausible EDINET codes not derivable from the request.","The prediction uses incorrect symbols and slugs like 'COCO', 'TOSH', 'PANA' that do not match the required companies or available tools' expectations.",no,no
43165,1590,2,"lora-1.7b,qlora-1.7b",,,,1) I'm looking for the shot map of the event '24 six seven'. 2) Could you fetch attribute overviews for the player 'four four three nine'? 3) I'm interested in the shot map of event 'seventy five thousand five hundred thirty one'.,"[{""name"": ""shotmap"", ""arguments"": {""event_id"": 2467}}, {""name"": ""attribute_overviews"", ""arguments"": {""player_id"": 4439}}, {""name"": ""shotmap"", ""arguments"": {""event_id"": 75531}}]","[{""name"": ""attribute_overviews"", ""description"": ""Fetches attribute overviews for a given player using the SofaScores API."", ""parameters"": {""player_id"": {""description"": ""The unique identifier for the player whose attribute overviews are to be retrieved."", ""type"": ""int"", ""default"": ""12994""}}}, {""name"": ""shotmap"", ""description"": ""Fetches the shot map data for a given event using the SofaScores API."", ""parameters"": {""event_id"": {""description"": ""The ID of the event for which the shot map is to be retrieved."", ""type"": ""int"", ""default"": ""10230638""}}}]","The prediction uses different event and player IDs than those implied by the request, which could not be correctly derived from the spoken-form numbers.",The prediction uses incorrect event and player IDs that do not match the request or reference.,no,no
29591,1602,2,"lora-1.7b,qlora-1.7b",,,,Extract and validate phone numbers from a text that includes contacts in multiple countries without specifying the country.,"[{""name"": ""extract"", ""arguments"": {""text"": ""Contact in UK: 44 7700 900123, Germany: 49 151 12345678"", ""country_auto"": 2}}]","[{""name"": ""advance"", ""description"": ""This function makes a GET request to the cleantalk1.p.rapidapi.com service with specified parameters and returns the response."", ""parameters"": {""fill_char"": {""description"": ""A character to fill within the text."", ""type"": ""str"", ""default"": ""_""}, ""text"": {""description"": ""The text to be processed."", ""type"": ""str"", ""default"": ""How about you?""}, ""add"": {""description"": ""Additional text or parameters to be included."", ""type"": ""str"", ""default"": ""about""}}}, {""name"": ""languages"", ""description"": ""Fetches a list of ISO 639 languages, optionally filtered by a name substring."", ""parameters"": {""namefilter"": {""description"": ""A substring to filter the languages by their names. Defaults to None."", ""type"": ""str, optional"", ""default"": """"}}}, {""name"": ""extract"", ""description"": ""Extract and validate phone or cell numbers from the given text."", ""parameters"": {""text"": {""description"": ""The text containing phone or cell numbers to be extracted and validated."", ""type"": ""str"", ""default"": """"}, ""country"": {""description"": ""The country name or ISO2/ISO3 code to be used for identifying the number format. Defaults to None."", ""type"": ""str, optional"", ""default"": """"}, ""country_auto"": {""description"": ""Flag to auto-detect the country if not provided. Accepts values 0 (false), 1 (fast mode), and 2 (slow mode). Defaults to 0."", ""type"": ""int, optional"", ""default"": 0}}}, {""name"": ""sentiment_analysis"", ""description"": ""Analyzes the sentiment of a given text using Google's BERT sentiment analysis API, with optional language specification."", ""parameters"": {""text"": {""description"": ""The text to be analyzed for sentiment."", ""type"": ""str"", ""default"": ""wah rumahnya bagus ya, tapi kok halamannya kotor sih?""}, ""lang"": {""description"": ""The language of the text. This can improve accuracy if specified. Defaults to 'id'."", ""type"": ""str, optional"", ""default"": ""id""}}}]",The prediction uses a different text not mentioned in the request and omits the required country_auto parameter.,"The prediction uses a generic text that does not contain actual phone numbers, while the request implies extracting from text with real contact numbers; the reference contains specific numbers and sets country_auto=2, which the prediction omits.",no,no
59866,1603,2,"lora-1.7b,qlora-1.7b",,,,"As a trader, I would like to compute the STOCHRSI for Bitcoin (BTC/USD) with a 15-minute interval, using an Exponential Moving Average (EMA) for the fast D period and a 10-day time period. I want the series data to be of the 'open' type and the outputsize to be 30. How can I use the 'stochrsi' function to achieve this?","[{""name"": ""stochrsi"", ""arguments"": {""symbol"": ""BTC/USD"", ""interval"": ""15min"", ""fast_dma_type"": ""EMA"", ""series_type"": ""open"", ""fast_d_period"": 10, ""outputsize"": 30, ""time_period"": 10}}]","[{""name"": ""stochrsi"", ""description"": ""Fetches the Stochastic Relative Strength Index (STOCHRSI) for a given financial instrument using the Twelve Data API."", ""parameters"": {""symbol"": {""description"": ""The instrument symbol, which can be an equity, index, ETF, forex, or cryptocurrency (e.g., `AAPL`, `EUR/USD`, `ETH/BTC`)."", ""type"": ""str"", ""default"": ""AAPL""}, ""interval"": {""description"": ""The interval between two consecutive points in the time series. Supported values include `1min`, `5min`, `15min`, `30min`, `45min`, `1h`, `2h`, `4h`, `1day`, `1week`, `1month`."", ""type"": ""str"", ""default"": ""1min""}, ""fast_dma_type"": {""description"": ""The type of moving average used for smoothing. Supported values are `SMA`, `EMA`, `WMA`, `DEMA`, `TEMA`, `TRIMA`, `KAMA`, `MAMA`, `T3MA`. Defaults to `SMA`."", ""type"": ""str"", ""default"": ""SMA""}, ""series_type"": {""description"": ""The type of series data. Supported values are `open`, `high`, `low`, `close`. Defaults to `close`."", ""type"": ""str"", ""default"": ""close""}, ""fast_d_period"": {""description"": ""The period for the fast D moving average. Defaults to 3."", ""type"": ""int"", ""default"": 3}, ""outputsize"": {""description"": ""The number of data points to return. Defaults to 30."", ""type"": ""int"", ""default"": 30}, ""fast_k_period"": {""description"": ""The period for the fast K moving average. Defaults to 3."", ""type"": ""int"", ""default"": 3}, ""format"": {""description"": ""The output format of the API response. Supported values are `json` and `csv`. Defaults to `json`."", ""type"": ""str"", ""default"": ""json""}, ""time_period"": {""description"": ""The period for the RSI calculation. Defaults to 14."", ""type"": ""int"", ""default"": 14}}}, {""name"": ""get_5_day_historical_daily_prices"", ""description"": ""Fetches 5 days of historical daily stock prices including adjusted Open, High, Low, Close prices, daily volume, dividend, and split information for a given ticker symbol."", ""parameters"": {""ticker"": {""description"": ""The stock ticker symbol for which to retrieve historical data."", ""type"": ""str"", ""default"": ""AAPL""}}}, {""name"": ""growth_estimate"", ""description"": ""Retrieves growth estimate data for a given stock ticker using the Toolbench RapidAPI."", ""parameters"": {""ticker"": {""description"": ""The stock ticker symbol for which the growth estimate is requested."", ""type"": ""str"", ""default"": ""AAPL""}}}]","The reference uses 'fast_d_period': 10 and 'time_period': 10, which are not derivable from the request mentioning '10-day time period'—this likely refers to RSI period, not fast D; the prediction incorrectly sets 'fast_k_period': 10 and omits 'fast_dma_type': 'EMA' as requested.","The reference uses 'fast_d_period': 10 and 'time_period': 10, which are not mentioned in the request; the request mentions a 10-day time period but does not specify how it maps to these parameters, making the reference not fully derivable, while the prediction omits these potentially incorrect values but fails to address the ambiguous '10-day' instruction properly.",no,no
27831,1623,2,"lora-1.7b,qlora-1.7b",,,,"I need the URLs for the educational series 'Quantum Physics Explained' with ID 'abc123'. Additionally, can you get the details of the 'Science and Technology' playlist?","[{""name"": ""get_video_urls"", ""arguments"": {""is_id"": ""abc123""}}, {""name"": ""playlist"", ""arguments"": {""is_id"": ""ScienceAndTechnologyPlaylistID""}}]","[{""name"": ""get_video_urls"", ""description"": ""Retrieves video or shorts URLs from YouTube using a provided video ID."", ""parameters"": {""is_id"": {""description"": ""The YouTube video ID for which the URLs are to be fetched."", ""type"": ""str"", ""default"": ""ppCIVJE3my4""}}}, {""name"": ""playlist"", ""description"": ""Fetch the details of a YouTube playlist using the provided API key."", ""parameters"": {""is_id"": {""description"": ""The ID of the YouTube playlist."", ""type"": ""str"", ""default"": ""PLV3BLrRejJR_8XjiMrbev1_7RjIZTg1qb""}}}]","The reference uses an ID 'ScienceAndTechnologyPlaylistID' not present in the request, making it not derivable; the prediction uses the playlist name instead of an ID, which is incorrect as the tool expects an ID.","The reference uses 'ScienceAndTechnologyPlaylistID' which is not provided in the request, while the prediction uses a specific ID from the tool default, but the request does not specify the playlist ID.",no,no
28292,1667,2,"lora-1.7b,qlora-1.7b",,,,List all touring motorcycle models from BMW made in 2018.,"[{""name"": ""models_by_make_id_year_category"", ""arguments"": {""year"": 2018, ""category"": ""Touring"", ""make"": 3}}]","[{""name"": ""models_by_make_id_year_category"", ""description"": ""Retrieves motorcycle models based on year, category, and make ID."", ""parameters"": {""year"": {""description"": ""The year of the motorcycle models to retrieve."", ""type"": ""int"", ""default"": ""2015""}, ""category"": {""description"": ""The category of the motorcycle models to retrieve."", ""type"": ""str"", ""default"": ""Sport""}, ""make"": {""description"": ""The make ID of the motorcycle models to retrieve."", ""type"": ""int"", ""default"": ""100""}}}]","The reference uses make ID 3 and category 'Touring', while the prediction uses make ID 100 and lowercase 'touring'; both values differ from the reference and the tool's default, and the request does not specify the make ID or case sensitivity, making the prediction inconsistent with expected parameters.","The reference uses make ID 3 for BMW, but the request does not provide BMW's make ID, making it impossible to derive; the prediction uses make ID 100 which is a default, not specific to BMW.",no,no
54161,1727,2,"lora-1.7b,qlora-1.7b",,,,"I'm watching the Yankees vs. Red Sox game and I want to know the current match statistics, can you help me with that?","[{""name"": ""baseball_match_statistics"", ""arguments"": {""match_id"": ""match_id_for_yankees_vs_red_sox""}}]","[{""name"": ""baseball_match_statistics"", ""description"": ""Fetches and returns statistics for a specified baseball match."", ""parameters"": {""match_id"": {""description"": ""The unique identifier for the baseball match to retrieve statistics for."", ""type"": ""str"", ""default"": ""9863520""}}}]","The prediction provides a valid match_id to retrieve baseball match statistics, fulfilling the request; the reference uses an unspecified match_id not derivable from the request.","The reference contains a match_id that cannot be derived from the request, as no specific identifier is provided in the user input.",no,no
13998,1812,2,"lora-1.7b,qlora-1.7b",,,,Fetch the coin modifiers for Bitcoin with an offset of 10 and a limit of 30.,"[{""name"": ""get_coin_modifiers"", ""arguments"": {""uuid"": ""Bitcoin"", ""offset"": 10, ""limit"": 30}}]","[{""name"": ""get_coin_modifiers"", ""description"": ""Fetches the modifiers of a coin's supply and their balance using the CoinRanking API."", ""parameters"": {""uuid"": {""description"": ""The UUID of the coin for which to request the modifiers."", ""type"": ""str"", ""default"": ""Qwsogvtv82FCd""}, ""offset"": {""description"": ""Offset for pagination. Default is 0."", ""type"": ""int, optional"", ""default"": ""0""}, ""limit"": {""description"": ""Limit for pagination. Default is 50. Must be in the range 0-100."", ""type"": ""int, optional"", ""default"": ""50""}}}]","The reference uses 'Bitcoin' as the UUID, which is not derivable from the request since the correct UUID should be 'Qwsogvtv82FCd' as per the tool's default; the prediction uses 'bitcoin' which is also incorrect.",The prediction matches the reference in substance and satisfies the request.,no,no
57461,1824,2,"lora-1.7b,qlora-1.7b",,,,"Can you find the top 50 paid iOS apps in the US, France, and Japan? Also, I want to see the Google Maps reviews for the Eiffel Tower in Paris, the Tokyo Tower in Tokyo, and the Statue of Liberty in New York, all sorted by relevance. Lastly, fetch me the offers for the iPhone 12 Pro model and the PlayStation 5 from various sites.","[{""name"": ""top_paid_ios_apps"", ""arguments"": {""country"": ""us"", ""num"": 50}}, {""name"": ""top_paid_ios_apps"", ""arguments"": {""country"": ""fr"", ""num"": 50}}, {""name"": ""top_paid_ios_apps"", ""arguments"": {""country"": ""jp"", ""num"": 50}}, {""name"": ""google_maps_reviews"", ""arguments"": {""data_id"": ""ChIJD7fiBh9u5kcRYJSMaMOCCwQ"", ""sort_by"": ""relevance""}}, {""name"": ""google_maps_reviews"", ""arguments"": {""data_id"": ""ChIJlZU1w3EKt5QRv8c37y7gUc0"", ""sort_by"": ""relevance""}}, {""name"": ""google_maps_reviews"", ""arguments"": {""data_id"": ""ChIJGz24MwZYwokRYBJwF-7VcK8"", ""sort_by"": ""relevance""}}, {""name"": ""products_get_offers"", ""arguments"": {""modelid"": 12345}}, {""name"": ""products_get_offers"", ""arguments"": {""modelid"": 67890}}]","[{""name"": ""top_paid_ios_apps"", ""description"": ""Fetches a list of the top paid iOS apps from the App Store."", ""parameters"": {""lang"": {""description"": ""Language code for the results. Defaults to 'en'."", ""type"": ""str"", ""default"": ""en""}, ""category"": {""description"": ""Category ID to filter results by. Defaults to '6016'."", ""type"": ""str"", ""default"": ""6016""}, ""country"": {""description"": ""Country code for the App Store to search in. Defaults to 'us'."", ""type"": ""str"", ""default"": ""us""}, ""num"": {""description"": ""Number of results to return. Defaults to 100. Maximum is 200."", ""type"": ""int"", ""default"": ""100""}}}, {""name"": ""google_maps_reviews"", ""description"": ""Fetches and returns JSON data of Google Maps reviews based on the specified parameters."", ""parameters"": {""data_id"": {""description"": ""Unique identifier representing the location or place on Google Maps for which reviews are fetched."", ""type"": ""str"", ""default"": ""0x89c25090129c363d:0x40c6a5770d25022b""}, ""next_page_token"": {""description"": ""Token to fetch the next page of results, if applicable. Default is None."", ""type"": ""str, optional"", ""default"": """"}, ""sort_by"": {""description"": ""Criteria to sort the reviews by. Could be relevance, newest, etc. Default is None."", ""type"": ""str, optional"", ""default"": """"}, ""topic_id"": {""description"": ""Identifier for a specific topic to filter reviews by. Default is None."", ""type"": ""str, optional"", ""default"": """"}, ""hl"": {""description"": ""Language code to return the reviews in, formatted as language_country (e.g., 'en_us'). Default is 'en_us'."", ""type"": ""str, optional"", ""default"": ""en_us""}}}, {""name"": ""products_get_offers"", ""description"": ""Fetches offers for a specific product model from various sites."", ""parameters"": {""modelid"": {""description"": ""The unique identifier of the product model for which to fetch offers."", ""type"": ""int"", ""default"": ""397144""}, ""page"": {""description"": ""The page index for pagination, starting from 0. Default is 0."", ""type"": ""int, optional"", ""default"": ""0""}, ""size"": {""description"": ""The number of items per page for pagination. Default is 100."", ""type"": ""int, optional"", ""default"": ""100""}}}, {""name"": ""playlist"", ""description"": ""Fetch details and videos of a YouTube playlist using the provided playlist ID and optional parameters."", ""parameters"": {""is_id"": {""description"": ""The ID of the YouTube playlist."", ""type"": ""str"", ""default"": ""PLMC9KNkIncKseYxDN2niH6glGRWKsLtde""}, ""x_cachebypass"": {""description"": ""The cache bypass value. Default is None."", ""type"": ""str, optional"", ""default"": """"}, ""token"": {""description"": ""Pagination token for retrieving additional results. Default is None."", ""type"": ""str, optional"", ""default"": """"}}}]","The reference uses data_ids and modelids not mentioned in the request, making them impossible to derive; the prediction uses invalid data_id strings and incorrect modelids, failing to meet the request.","The reference answer includes calls for Google Maps reviews and uses specific data_ids not mentioned in the request, which cannot be derived from the request alone, making it not derivable; the prediction misses Google Maps reviews entirely and does not cover all requested products, resulting in an incorrect and incomplete response.",no,no
51376,1832,2,"lora-1.7b,qlora-1.7b",,,,"A product description on an e-commerce website seems too detailed and well-written to be genuine. The description provides a comprehensive overview of the product's features and benefits, but you suspect it might be AI-generated. Investigate the product description to see if it was written by an AI model.","[{""name"": ""chat_gpt_detector"", ""arguments"": {""text"": ""The product is perfect for anyone looking for...""}}]","[{""name"": ""chat_gpt_detector"", ""description"": ""Detects whether the given text was generated by an AI model using the provided RapidAPI key."", ""parameters"": {""text"": {""description"": ""The text to be analyzed for AI-generated content."", ""type"": ""str"", ""default"": ""Christmas is one of the most widely celebrated holidays in the world. It is a time of joy, love, and giving, and is traditionally celebrated on December 25th every year. The holiday has its roots in Christianity, where it commemorates the birth of Jesus Christ, but it is now celebrated by people of all religions and cultures.  Christmas is a time when families and friends come together to celebrate and enjoy each other's company. It is a time to share meals, exchange gifts, and participate in various traditions and activities. One of the most beloved traditions of Christmas is decorating a Christmas tree. This tradition originated in Germany and has since spread around the world. Families often decorate their trees with lights, ornaments, and tinsel.  Another beloved tradition is the exchange of gifts. Many people spend weeks or even months searching for the perfect gift for their loved ones. Giving and receiving gifts is a way to show love and appreciation for one another, and it is a way to bring joy to those around us.  Christmas is also a time for giving back to those in need. Many people donate their time, money, or resources to charities and organizations that help those who are less fortunate. This spirit of giving is one of the most important aspects of Christmas and helps to spread love and kindness to those who need it most.  In addition to these traditions, there are many other customs associated with Christmas. These include caroling, baking Christmas cookies, and watching Christmas movies. Each of these traditions brings a unique sense of joy and excitement to the holiday season.  In conclusion, Christmas is a time of joy, love, and giving. It is a time to come together with friends and family and celebrate the holiday season. While the holiday has its roots in Christianity, it is now celebrated by people of all cultures and religions around the world. Christmas traditions bring people together and create memories that will last a lifetime.""}}}]","The prediction uses the correct tool to analyze the product description for AI generation, satisfying the request.","The reference uses a placeholder text fragment not present in the request, making it impossible to derive the exact text argument from the request alone.",no,no
19192,1884,2,"lora-1.7b,qlora-1.7b",,,,I need the albums of Beyoncé from her Spotify artist page.,"[{""name"": ""get_artist_s_albums"", ""arguments"": {""spotify_url"": ""https://open.spotify.com/artist/6vWDO969PvNqNYHIOW5v0m""}}]","[{""name"": ""get_artist_s_albums"", ""description"": ""Fetches and returns basic details about the albums of an artist from a given Spotify URL."", ""parameters"": {""spotify_url"": {""description"": ""The URL of the artist's Spotify page."", ""type"": ""str"", ""default"": ""https://open.spotify.com/artist/1nIUhcKHnK6iyumRyoV68C""}}}]","The reference uses a Spotify artist ID not mentioned in the request, making it not derivable; the prediction uses a different invalid ID, failing to correctly identify Beyoncé's artist page.","The prediction uses a different Spotify artist URL than the reference, which could lead to incorrect or no results for Beyoncé's albums.",no,no
10086,1886,2,"lora-1.7b,qlora-1.7b",,,,"Could you provide the real-time estimated departure times for trains leaving from the 12th St. Oakland City Center station, and also tell me if there are any delays for trains heading to San Francisco International Airport?","[{""name"": ""real_time_information"", ""arguments"": {""cmd"": ""etd"", ""orig"": ""12TH""}}, {""name"": ""real_time_information"", ""arguments"": {""cmd"": ""delay"", ""orig"": ""SFIA""}}]","[{""name"": ""real_time_information"", ""description"": ""Fetches real-time information from the BART API based on the provided command and origin station."", ""parameters"": {""cmd"": {""description"": ""Command parameter for the API request. Examples can be found at http://api.bart.gov/docs/overview/examples.aspx."", ""type"": ""str"", ""default"": ""etd""}, ""orig"": {""description"": ""Specifies the station by its abbreviation. A list of station abbreviations can be found at http://api.bart.gov/docs/overview/abbrev.aspx. Use 'ALL' to get all current ETDs."", ""type"": ""str"", ""default"": """"}}}]","The reference answer requests delay information for 'SFIA', but the prediction uses 'SFO' and the 'etd' command, which does not match the request for delays to San Francisco International Airport.","The prediction uses incorrect station identifiers that do not match the required abbreviations, and the second call uses 'etd' instead of 'delay' as needed for delay information.",no,no
17116,1892,2,"lora-1.7b,qlora-1.7b",,,,"What artists are featured with Justin Bieber and who were the top 15 artists on the Artist 100 chart for November 22, 2022?","[{""name"": ""artist_featuring"", ""arguments"": {""is_id"": ""Justin Bieber ID""}}, {""name"": ""artist_100"", ""arguments"": {""date"": ""2022-11-22"", ""range"": ""1-15""}}]","[{""name"": ""artist_featuring"", ""description"": ""Fetches the artist featuring information from the Spotify API using the given artist ID."", ""parameters"": {""is_id"": {""description"": ""The unique identifier for the artist."", ""type"": ""str"", ""default"": ""2w9zwq3AktTeYYMuhMjju8""}}}, {""name"": ""artist_100"", ""description"": ""Fetches the Artist 100 chart from the Billboard API for a specified date and range."", ""parameters"": {""date"": {""description"": ""The date for which to fetch the chart, in YYYY-MM-DD format."", ""type"": ""str"", ""default"": ""2021-07-07""}, ""range"": {""description"": ""The range of results to return. Defaults to '1-10'. Returns all results if not specified."", ""type"": ""str, optional"", ""default"": ""1-10""}}}]","The reference uses 'Justin Bieber ID' which is not derivable from the request, while the prediction uses 'Justin Bieber' as the is_id, which is incorrect per the tool's requirement for an ID.","The prediction correctly uses the available tools to answer both parts of the request, with valid and matching arguments.",no,no
32507,1920,2,"lora-1.7b,qlora-1.7b",,,,"What are the time zones for Singapore and Vancouver on the same day, August 8, 2024?","[{""name"": ""tz_lookup_by_location"", ""arguments"": {""lat"": 1, ""lng"": 103, ""timestamp"": 1718092800}}, {""name"": ""tz_lookup_by_location"", ""arguments"": {""lat"": 49, ""lng"": -123, ""timestamp"": 1718092800}}]","[{""name"": ""tz_lookup_by_location"", ""description"": ""Fetches time zone information for a given geographic location using Stadia Maps Time Zone API."", ""parameters"": {""lat"": {""description"": ""The latitude component of a geographic location."", ""type"": ""int"", ""default"": ""37.4666405""}, ""lng"": {""description"": ""The longitude component of a geographic location."", ""type"": ""int"", ""default"": ""-85.89465""}, ""timestamp"": {""description"": ""The UNIX timestamp for which the time zone data is to be fetched. Defaults to 1589932800."", ""type"": ""int, optional"", ""default"": ""1589932800""}}}]","The prediction uses incorrect latitude, longitude, and timestamp values compared to what is required for August 8, 2024, and the reference.","The prediction uses approximate coordinates but omits the required timestamp for August 8, 2024, which is necessary to get time zone information for that specific day.",no,no
49712,1979,2,"lora-1.7b,qlora-1.7b",,,,I want to find student rental properties in Glasgow that are not house shares and have a maximum price of £600 per month. Can you help me find them?,"[{""name"": ""student_property_to_rent"", ""arguments"": {""identifier"": ""Glasgow"", ""do_not_show_house_share"": true, ""max_price"": 600}}]","[{""name"": ""student_property_to_rent"", ""description"": ""Fetch student rental properties based on various search criteria."", ""parameters"": {""identifier"": {""description"": ""A unique location identifier obtained from the auto-complete endpoint."", ""type"": ""str"", ""default"": ""REGION^1036""}, ""sort_by"": {""description"": ""The criteria to sort the results by."", ""type"": ""str, optional"", ""default"": """"}, ""page"": {""description"": ""The page number to retrieve results from."", ""type"": ""int, optional"", ""default"": """"}, ""max_price"": {""description"": ""The maximum price filter for the properties."", ""type"": ""int, optional"", ""default"": """"}, ""search_radius"": {""description"": ""The search radius in miles from the specified location. Defaults to '0.0'."", ""type"": ""str, optional"", ""default"": ""0.0""}, ""min_price"": {""description"": ""The minimum price filter for the properties."", ""type"": ""int, optional"", ""default"": """"}, ""max_bedroom"": {""description"": ""The maximum number of bedrooms filter."", ""type"": ""int, optional"", ""default"": """"}, ""furnished_type"": {""description"": ""The type of furnishing (comma-separated values). Examples: 'Furnished,PartFurnished,Unfurnished'."", ""type"": ""str, optional"", ""default"": """"}, ""min_bedroom"": {""description"": ""The minimum number of bedrooms filter."", ""type"": ""int, optional"", ""default"": """"}, ""has_garden"": {""description"": ""Filter to include properties with a garden."", ""type"": ""bool, optional"", ""default"": """"}, ""added_to_site"": {""description"": ""The date the property was added to the site."", ""type"": ""str, optional"", ""default"": """"}, ""property_type"": {""description"": ""The type of property (comma-separated values). Examples: 'Bungalow,StudentHalls,Detached,SemiDetached,Terraced,Flat'."", ""type"": ""str, optional"", ""default"": """"}, ""keywords"": {""description"": ""Keywords to filter properties (comma-separated values). Examples: 'pool, garden'."", ""type"": ""str, optional"", ""default"": """"}, ""has_house_share"": {""description"": ""Filter to include properties that have house sharing options."", ""type"": ""bool, optional"", ""default"": """"}, ""has_include_let_agreed"": {""description"": ""Filter to include properties that are let agreed."", ""type"": ""bool, optional"", ""default"": """"}, ""has_parking"": {""description"": ""Filter to include properties with parking."", ""type"": ""bool, optional"", ""default"": """"}, ""do_not_show_house_share"": {""description"": ""Filter to exclude properties with house sharing options."", ""type"": ""bool, optional"", ""default"": """"}}}, {""name"": ""user_followers"", ""description"": ""Fetch the list of followers for a specified user on Instagram using the RapidAPI service."", ""parameters"": {""userid"": {""description"": ""The ID of the user for whom to fetch the followers."", ""type"": ""int"", ""default"": ""5313965459""}, ""order"": {""description"": ""The order in which to list followers. Defaults to 'default'."", ""type"": ""str, optional"", ""default"": ""default""}, ""query"": {""description"": ""Filter followers by username. Defaults to None."", ""type"": ""str, optional"", ""default"": """"}, ""enable_groups"": {""description"": ""Whether to enable groups. Defaults to 'true'."", ""type"": ""str, optional"", ""default"": ""true""}, ""max_id"": {""description"": ""Use \""next_max_id\"" as the value for pagination. Defaults to None."", ""type"": ""str, optional"", ""default"": """"}, ""search_surface"": {""description"": ""Specifies the search surface. Defaults to None."", ""type"": ""str, optional"", ""default"": """"}}}]","The reference uses 'do_not_show_house_share': true to exclude house shares, while the prediction uses 'has_house_share': false, which is a different and potentially incorrect filter; also, 'identifier' as 'Glasgow' is not derivable from the request without a lookup.","The prediction uses non-existent arguments like 'search_max_price' and 'search_min_price' instead of 'max_price', and includes values not in the request like 'search_min_bedroom': 1.",no,no
3130,1984,2,"lora-1.7b,qlora-1.7b",,,,"I need to get 30 articles from 'Nasa Climate' excluding 'The Guardian', and also repost an article from 'Nature' titled 'New Insights on Ocean Currents'.","[{""name"": ""get_articles"", ""arguments"": {""limit"": 30, ""exclude"": ""The Guardian"", ""source"": ""Nasa Climate""}}, {""name"": ""repost"", ""arguments"": {""article_url"": ""https://www.nature.com/new-insights-on-ocean-currents"", ""title"": ""New Insights on Ocean Currents""}}]","[{""name"": ""get_news_from_a_specific_source"", ""description"": ""Fetch news on pollution in African countries from a specified news source."", ""parameters"": {""newspaperid"": {""description"": ""The identifier of the news source to fetch pollution news from."", ""type"": ""str"", ""default"": ""sei""}}}, {""name"": ""get_articles"", ""description"": ""Fetches articles from the climate news feed with given parameters for limit, excluded source, and specific source."", ""parameters"": {""limit"": {""description"": ""Number of articles to fetch. Default is 50."", ""type"": ""int, optional"", ""default"": ""50""}, ""exclude"": {""description"": ""Source to exclude from the results. Default is 'The Guardian'."", ""type"": ""str, optional"", ""default"": ""The Guardian""}, ""source"": {""description"": ""Source to fetch articles from. Default is 'Nasa Climate'."", ""type"": ""str, optional"", ""default"": ""Nasa Climate""}}}, {""name"": ""repost"", ""description"": ""Reposts an article to the Telegraph platform using the Telegraph API."", ""parameters"": {""article_url"": {""description"": ""URL of the article or blog post to be reposted."", ""type"": ""str"", ""default"": """"}, ""title"": {""description"": ""Title of the Telegraph post. Defaults to None."", ""type"": ""str, optional"", ""default"": """"}, ""author_url"": {""description"": ""URL of the author. Defaults to None."", ""type"": ""str, optional"", ""default"": """"}, ""author_name"": {""description"": ""Name of the author. Defaults to None."", ""type"": ""str, optional"", ""default"": """"}}}]","The reference answer uses an article URL that is not mentioned in the request and cannot be derived from it, making the reference not fully derivable; the prediction uses a different URL that also matches the title but is not identical, leading to a wrong value.","The reference answer uses a URL 'https://www.nature.com/new-insights-on-ocean-currents' not mentioned or derivable from the request, making it not derivable; the prediction uses a different URL 'https://nature.com/article/new-insights-on-ocean-currents' which is not equivalent.",no,no
28251,2026,2,"lora-1.7b,qlora-1.7b",,,,Locate all parks within 2000 meters of the Statue of Liberty in New York.,"[{""name"": ""nearby_arcgis"", ""arguments"": {""lng"": -74.0445, ""lat"": 40.689249, ""radius"": 2000, ""type"": ""park""}}]","[{""name"": ""nearby_arcgis"", ""description"": ""Returns nearby places of a specified type sorted by distance from the origin coordinates in ascending order using the ArcGIS API."", ""parameters"": {""lng"": {""description"": ""Longitude of the origin point."", ""type"": ""int"", ""default"": ""-123.0413988""}, ""lat"": {""description"": ""Latitude of the origin point."", ""type"": ""int"", ""default"": ""49.2803703""}, ""radius"": {""description"": ""Search radius in meters. Defaults to 500. Maximum is 50,000."", ""type"": ""int, optional"", ""default"": ""500""}, ""type"": {""description"": ""Type of places to search for. Defaults to 'coffee shop'."", ""type"": ""str, optional"", ""default"": ""coffee shop""}}}]","The reference uses coordinates for the Statue of Liberty that are not mentioned in the request and cannot be derived from it, making the reference not fully derivable; the prediction uses different coordinates, leading to a potentially different result.","The reference uses coordinates for the Statue of Liberty that are not mentioned in the request and cannot be derived from it, making the reference not fully derivable; the prediction uses different coordinates, leading to a different location result.",no,no
15095,2028,2,"lora-1.7b,qlora-1.7b",,,,I'm looking for the channel points context of 'Imane Anys' (Pokimane) and 'Richard Tyler Blevins' (Ninja).,"[{""name"": ""get_channel_points_context"", ""arguments"": {""channel"": ""Pokimane""}}, {""name"": ""get_channel_points_context"", ""arguments"": {""channel"": ""Ninja""}}]","[{""name"": ""get_channel_points_context"", ""description"": ""Fetches the channel points context for a given Twitch channel using the provided RapidAPI key."", ""parameters"": {""channel"": {""description"": ""The name of the Twitch channel for which to fetch the channel points context."", ""type"": ""str"", ""default"": ""xqc""}}}]","The reference uses Twitch usernames (Pokimane, Ninja) while the prediction uses full real names (Imane Anys, Richard Tyler Blevins), which are not valid channel names for the API.","The reference uses Twitch usernames (Pokimane, Ninja) while the prediction uses full real names (Imane Anys, Richard Tyler Blevins), which are not valid channel names for the API.",no,no
3562,2052,2,"lora-1.7b,qlora-1.7b",,,,List all radio channels in Chicago with no keyword filter and the top labels for 2019.,"[{""name"": ""get_channels"", ""arguments"": {""keyword"": """", ""city_id"": 789}}, {""name"": ""top_labels"", ""arguments"": {""year"": ""2019""}}]","[{""name"": ""top_labels"", ""description"": ""Fetch the YEAR-END Top Labels chart information from the Billboard API."", ""parameters"": {""year"": {""description"": ""The year for which to retrieve the top labels chart. Format should be YYYY. Defaults to '2022'."", ""type"": ""str"", ""default"": ""2022""}}}, {""name"": ""get_album_metadata"", ""description"": ""Fetches full metadata details of a specified album using the Spotify Scraper API."", ""parameters"": {""albumid"": {""description"": ""The unique ID of the album for which metadata is to be retrieved."", ""type"": ""str"", ""default"": ""5Otajf16kZ0zkVZWhu7LtO""}}}, {""name"": ""iceland_songs"", ""description"": ""Fetches the Iceland Songs chart information from the Billboard API for a specific date and range."", ""parameters"": {""date"": {""description"": ""The date for which the chart information is requested, in 'YYYY-MM-DD' format."", ""type"": ""str"", ""default"": ""2022-05-07""}, ""range"": {""description"": ""The range of the chart information to fetch."", ""type"": ""str"", ""default"": ""1-10""}}}, {""name"": ""get_channels"", ""description"": ""Retrieve a list of radio channels based on various filtering parameters."", ""parameters"": {""keyword"": {""description"": ""Filter channels by keyword. Default is 'a'. Set to an empty string if no filtering by keyword is needed."", ""type"": ""str"", ""default"": ""a""}, ""genre_id"": {""description"": ""Filter channels by genre ID. Default is None."", ""type"": ""int, optional"", ""default"": """"}, ""city_id"": {""description"": ""Filter channels by city ID. Default is None."", ""type"": ""int, optional"", ""default"": """"}, ""country_id"": {""description"": ""Filter channels by country ID. Default is 50."", ""type"": ""int"", ""default"": ""50""}, ""page"": {""description"": ""The page number for pagination. Default is 1."", ""type"": ""int"", ""default"": ""1""}}}]","The reference answer uses city_id 789 for Chicago, but the request does not provide any city ID or way to derive it; the prediction uses a different city_id (1000), which is inconsistent with the reference and not inferable from the request.","The reference answer uses city_id 789 and empty keyword, but the request does not specify any city or ID, making those values not derivable; the prediction uses city_id 10000 and country_id 1, which are not justified by the request.",no,no
28927,2086,2,"lora-1.7b,qlora-1.7b",,,,Can you fetch the lyrics of 'Bohemian Rhapsody' by Queen and also get a summary of the artist using their Shazam ID?,"[{""name"": ""main_endpoint"", ""arguments"": {""song"": ""Bohemian Rhapsody"", ""artist"": ""Queen""}}, {""name"": ""artists_get_summary"", ""arguments"": {""is_id"": ""Shazam_ID_for_Queen""}}]","[{""name"": ""main_endpoint"", ""description"": ""Fetch the lyrics of a specified song, optionally for a specified artist."", ""parameters"": {""song"": {""description"": ""The title of the song for which to fetch the lyrics."", ""type"": ""str"", ""default"": ""Ashes""}, ""artist"": {""description"": ""The artist of the song. Defaults to 'Stellar'."", ""type"": ""str, optional"", ""default"": ""Stellar""}}}, {""name"": ""artists_get_summary"", ""description"": ""Fetches summary information related to an artist from the Shazam API."", ""parameters"": {""is_id"": {""description"": ""The value of 'artist->adamid' field returned in various Shazam API endpoints such as /search or /songs/get-details."", ""type"": ""str"", ""default"": ""567072""}, ""l"": {""description"": ""The language code for the response. Defaults to 'en-US'."", ""type"": ""str, optional"", ""default"": ""en-US""}}}, {""name"": ""multi_search"", ""description"": ""Performs a multi-search on Genius based on the given query, returning paginated results."", ""parameters"": {""q"": {""description"": ""The search query string."", ""type"": ""str"", ""default"": """"}, ""per_page"": {""description"": ""The number of results to return per request. Defaults to 3."", ""type"": ""int, optional"", ""default"": ""3""}, ""page"": {""description"": ""The number of results to return per request. Defaults to 3."", ""type"": ""int, optional"", ""default"": ""1""}, ""text_format"": {""description"": ""The format for text bodies related to the document. Can be one or more of `dom`, `plain`, `markdown`, and `html`, separated by commas. Defaults to None."", ""type"": ""str, optional"", ""default"": """"}}}, {""name"": ""artist_details_single"", ""description"": ""Fetch details of a single Spotify artist using the artist's ID."", ""parameters"": {""artist_id"": {""description"": ""The Spotify ID of the artist whose details are to be fetched."", ""type"": ""str"", ""default"": ""52wBYviD0Fnactl1q7ibdT""}}}]","The reference uses a placeholder 'Shazam_ID_for_Queen' not present in the request, making it not derivable; the prediction provides an invalid, excessively long ID string that could not be derived from the request.","The reference uses 'Shazam_ID_for_Queen' which is not derivable from the request, and the prediction uses '567890' which is an unsupported placeholder not linked to Queen.",no,no
23738,2095,2,"lora-1.7b,qlora-1.7b",,,,"Could you fetch the radio playlist for the song 'Bohemian Rhapsody' by Queen and the catalog albums for the week starting October 1, 2022?","[{""name"": ""get_radio_playlist"", ""arguments"": {""uri"": ""spotify:track:1wY72HirBX69x9uWyeHqGV""}}, {""name"": ""catalog_albums"", ""arguments"": {""week"": ""2022-10-01""}}]","[{""name"": ""get_radio_playlist"", ""description"": ""Fetches a radio playlist for a given artist or song using the Spotify API."", ""parameters"": {""uri"": {""description"": ""The URI of the artist or song for which to generate the radio playlist."", ""type"": ""str"", ""default"": ""spotify:artist:2w9zwq3AktTeYYMuhMjju8""}}}, {""name"": ""catalog_albums"", ""description"": ""Fetch catalog album data from the Billboard API for a specified week."", ""parameters"": {""week"": {""description"": ""The week for which to fetch the catalog albums chart in the format 'YYYY-MM-DD'. Defaults to '2022-10-08'."", ""type"": ""str"", ""default"": ""2022-10-08""}}}, {""name"": ""artist_100"", ""description"": ""Fetches the Artist 100 chart from the Billboard API for a specified date and range."", ""parameters"": {""date"": {""description"": ""The date for which to fetch the chart, in YYYY-MM-DD format."", ""type"": ""str"", ""default"": ""2021-07-07""}, ""range"": {""description"": ""The range of results to return. Defaults to '1-10'. Returns all results if not specified."", ""type"": ""str, optional"", ""default"": ""1-10""}}}]","The reference answer uses a specific track URI for 'Bohemian Rhapsody' that is not mentioned in the request, making it not derivable; the prediction uses a different, incorrect URI for the song.","The reference uses a specific URI for 'Bohemian Rhapsody' that is not mentioned in the request, making it not derivable; the prediction uses a different URI for the same song, which contradicts the expected value even though both may refer to the same song.",no,no
53585,2108,2,"lora-1.7b,qlora-1.7b",,,,"Show me the trending songs and playlists on the Spotify home page in Australia. If Australia's not supported, just show me the US information.","[{""name"": ""get_home_page_overview"", ""arguments"": {""region"": ""AU""}}, {""name"": ""get_home_page_overview"", ""arguments"": {""region"": ""US""}}]","[{""name"": ""get_home_page_overview"", ""description"": ""Fetches trending information displayed on the Spotify home page as an incognito visitor."", ""parameters"": {""region"": {""description"": ""Region code (ISO 3166 alpha-2) for localized results. Defaults to `None`, which will fallback to `US` if unsupported."", ""type"": ""str, optional"", ""default"": """"}}}]","The prediction makes only one call for Australia, but the request requires a fallback to US if Australia is not supported, which the prediction does not handle.","The prediction makes only one call for Australia, but the request requires a fallback to US if Australia is not supported, which the prediction does not handle.",no,no
12219,2125,2,"lora-1.7b,qlora-1.7b",,,,"List all webcams in the region of Tuscany, Italy, and display their images and locations.","[{""name"": ""webcams_list_region_region_region"", ""arguments"": {""region"": ""IT.52"", ""lang"": ""en"", ""show"": ""webcams:image,location""}}]","[{""name"": ""airport_info"", ""description"": ""Fetches and returns detailed information about an airport using its IATA code from the Airports Info API."", ""parameters"": {""iata"": {""description"": ""The IATA code of the airport for which information is being requested."", ""type"": ""str"", ""default"": ""JFK""}}}, {""name"": ""get_currency"", ""description"": ""Fetches the currency information from the Airbnb Search API."", ""parameters"": {""language_code"": {""description"": ""The language code to use for retrieving the currency information from the API. Defaults to 'en-US'."", ""type"": ""str"", ""default"": ""en-US""}}}, {""name"": ""listing_availability"", ""description"": ""Retrieve listing availability and stay length rules for a specified month and year from the Airbnb API."", ""parameters"": {""year"": {""description"": ""The year for which to retrieve listing availability."", ""type"": ""int"", ""default"": ""2024""}, ""is_id"": {""description"": ""The unique identifier for the listing."", ""type"": ""str"", ""default"": ""619966061834034729""}, ""month"": {""description"": ""The month for which to retrieve listing availability."", ""type"": ""int"", ""default"": ""1""}}}, {""name"": ""webcams_list_region_region_region"", ""description"": ""Fetch a list of webcams for the specified region(s) with optional parameters for language and content detail."", ""parameters"": {""region"": {""description"": ""A comma-separated list of ISO 3166-1-alpha-2 country codes and region codes separated by a dot."", ""type"": ""str"", ""default"": """"}, ""lang"": {""description"": ""The language code to localize the results, if available. Default is 'en'."", ""type"": ""str, optional"", ""default"": ""en""}, ""show"": {""description"": ""Specifies the content details to include in the response. Default is 'webcams:image,location'."", ""type"": ""str, optional"", ""default"": ""webcams:image,location""}}}]","The reference uses region code 'IT.52' which is not derivable from the request mentioning 'Tuscany', and the prediction uses 'IT.Tuscany' which is invalid as per the tool's required format of ISO 3166-1-alpha-2 and region codes.","The prediction uses 'Tuscany,Italy' as the region value, which is not in the required ISO 3166-1-alpha-2 and region code format; the correct format should be 'IT.52' as per the tool's specification.",no,no
2402,2163,2,"lora-1.7b,qlora-1.7b",,,,Count expired followers for an OnlyFans account with different authentication details.,"[{""name"": ""count"", ""arguments"": {""signstart"": ""start456"", ""apptoken"": ""token456"", ""signend"": ""end456"", ""xbc"": ""xbc456"", ""timezone"": ""PST"", ""useragent"": ""useragent456"", ""auth_id"": ""authid456"", ""sess"": ""sess456""}}]","[{""name"": ""video_post_metadata"", ""description"": ""Fetch metadata for a single TikTok video post."", ""parameters"": {""video"": {""description"": ""The URL of the TikTok video post. For example: 'https://www.tiktok.com/@charlidamelio/video/7137423965982592302'."", ""type"": ""str"", ""default"": ""https://www.tiktok.com/@charlidamelio/video/7010108194051640582""}, ""fresh"": {""description"": ""If set to 1, force the return of fresh data (not cached). Defaults to 0."", ""type"": ""int, optional"", ""default"": ""0""}}}, {""name"": ""search_pins"", ""description"": ""Search for Pinterest pins based on a given keyword using the specified RapidAPI key."", ""parameters"": {""keyword"": {""description"": ""The search term used to find relevant Pinterest pins."", ""type"": ""str"", ""default"": ""nasa""}}}, {""name"": ""count"", ""description"": ""Fetches the total number of expired followers from an OnlyFans API endpoint."", ""parameters"": {""signstart"": {""description"": ""The start of the signature used for authorization."", ""type"": ""str"", ""default"": """"}, ""apptoken"": {""description"": ""The application token."", ""type"": ""str"", ""default"": """"}, ""signend"": {""description"": ""The end of the signature used for authorization."", ""type"": ""str"", ""default"": """"}, ""xbc"": {""description"": ""The XBC token."", ""type"": ""str"", ""default"": """"}, ""timezone"": {""description"": ""The timezone setting."", ""type"": ""str"", ""default"": ""America/Los_Angeles""}, ""useragent"": {""description"": ""The user agent string."", ""type"": ""str"", ""default"": """"}, ""auth_id"": {""description"": ""The authentication ID."", ""type"": ""str"", ""default"": ""729369""}, ""sess"": {""description"": ""The session ID."", ""type"": ""str"", ""default"": """"}}}, {""name"": ""searchfollowers"", ""description"": ""Search the followers of a specific Instagram user based on a query."", ""parameters"": {""user_id"": {""description"": ""The ID of the Instagram user whose followers will be searched."", ""type"": ""str"", ""default"": ""25025320""}, ""query"": {""description"": ""The search query to filter the followers."", ""type"": ""str"", ""default"": ""fake""}}}]","The prediction uses the correct tool and provides all required arguments with plausible values, satisfying the request to count expired followers for an OnlyFans account.","The reference contains authentication values not provided in the request, making it impossible to derive from the given information.",no,no
41862,2224,2,"lora-1.7b,qlora-1.7b",,,,Is Queens Hotel in Berlin available for check-in on 2022-03-11 and check-out on 2022-03-14?,"[{""name"": ""is_hotel_available"", ""arguments"": {""hotel"": ""Queens Hotel"", ""city"": ""Berlin, Germany"", ""checkin"": ""2022-03-11"", ""checkout"": ""2022-03-14""}}]","[{""name"": ""is_hotel_available"", ""description"": ""Checks the availability of a hotel for a given date range."", ""parameters"": {""hotel"": {""description"": ""The name of the hotel."", ""type"": ""str""}, ""city"": {""description"": ""The city where the hotel is located."", ""type"": ""str""}, ""checkin"": {""description"": ""The check-in date in the format \""YYYY-MM-DD\""."", ""type"": ""str""}, ""checkout"": {""description"": ""The check-out date in the format \""YYYY-MM-DD\""."", ""type"": ""str""}}}]","The reference answer includes 'Berlin, Germany' as the city, but the request only mentions 'Berlin', so the extended city name in the reference is not derivable from the input.","The reference answer includes 'Berlin, Germany' as the city, but the request only mentions 'Berlin', so the extended city name in the reference is not derivable from the input.",no,no
35717,2270,2,"lora-1.7b,qlora-1.7b",,,,Fetch the details of the professional boxer Mike Tyson.,"[{""name"": ""fighter"", ""arguments"": {""is_id"": 123456}}]","[{""name"": ""series_get_venues"", ""description"": ""Fetches the venues for a given cricket series using the Series ID."", ""parameters"": {""seriesid"": {""description"": ""The unique identifier for the series, obtainable from the `/series/list` or `/series/list-archives` endpoints."", ""type"": ""int"", ""default"": ""3718""}}}, {""name"": ""teammedia"", ""description"": ""Retrieves media information for a specific rugby team using the Rugby API."", ""parameters"": {""is_id"": {""description"": ""The ID of the rugby team for which to retrieve the media."", ""type"": ""int"", ""default"": 4264}}}, {""name"": ""teams_detail"", ""description"": ""Fetch detailed information about a specific team using its team ID."", ""parameters"": {""teamid"": {""description"": ""The unique identifier of the team for which details are needed. This ID can be obtained from various endpoints like /teams/search, /matches/detail, etc."", ""type"": ""int"", ""default"": ""38""}}}, {""name"": ""fighter"", ""description"": ""Fetches the details of a single fighter given their ID using the Spectation Sports Events API."", ""parameters"": {""is_id"": {""description"": ""The unique identifier for the fighter to fetch."", ""type"": ""int"", ""default"": ""1182""}}}]","The reference answer uses an ID (123456) not mentioned in the request, making it not derivable; the prediction uses a different ID (12345), which also does not satisfy the request as no ID for Mike Tyson is provided or inferable.",The reference answer contains an ID (123456) that is not mentioned in the request and cannot be derived from it.,no,no
16659,2289,2,"lora-1.7b,qlora-1.7b",,,,Could you get me the product details for the Sony WH-1000XM4 headphones in France and Italy?,"[{""name"": ""main_endpoint"", ""arguments"": {""asin"": ""B086C5VLD9"", ""domain"": ""fr""}}, {""name"": ""main_endpoint"", ""arguments"": {""asin"": ""B086C5VLD9"", ""domain"": ""it""}}]","[{""name"": ""main_endpoint"", ""description"": ""Fetches product information from the Amazon Pricing and Product Info API using the given ASIN and domain."", ""parameters"": {""asin"": {""description"": ""The Amazon Standard Identification Number of the product."", ""type"": ""str"", ""default"": ""B07GR5MSKD""}, ""domain"": {""description"": ""The domain from which to fetch the product information (e.g., 'com', 'co.uk')."", ""type"": ""str"", ""default"": ""de""}}}]","The reference answer uses an ASIN not mentioned in the request, making it not derivable; the prediction uses a different ASIN also not mentioned, so it does not satisfy the request.","The reference answer uses an ASIN (B086C5VLD9) not mentioned in the request, making it not derivable; the prediction uses a different ASIN (B08PZ3PZV3) which also does not match the product name in the request, making it incorrect.",no,no
26764,2389,2,"lora-1.7b,qlora-1.7b",,,,Get the standings of the 2022 Six Nations Championship.,"[{""name"": ""standings"", ""arguments"": {""season_id"": 2022, ""comp_id"": 101}}]","[{""name"": ""standings"", ""description"": ""Fetches and returns the standings for a specified season and competition."", ""parameters"": {""season_id"": {""description"": ""The ID of the season for which the standings are to be fetched."", ""type"": ""int"", ""default"": ""2020""}, ""comp_id"": {""description"": ""The ID of the competition for which the standings are to be fetched."", ""type"": ""int"", ""default"": ""1236""}}}, {""name"": ""series_get_news"", ""description"": ""Retrieves news articles for a specified cricket series."", ""parameters"": {""seriesid"": {""description"": ""The unique identifier for the cricket series."", ""type"": ""int"", ""default"": ""3636""}}}]","The reference answer uses a comp_id (101) not mentioned in the request, making it not derivable; the prediction uses a different comp_id (1234) which may not correspond to the 2022 Six Nations Championship.","The reference answer uses a comp_id (101) not mentioned in the request, making it not derivable; the prediction uses a different comp_id (1234) which may not correspond to the 2022 Six Nations Championship.",no,no
